{"type":"FeatureCollection","features":[{"type":"Feature","geometry":{"type":"Polygon","coordinates":[[[3.173,50.012],[3.231,50.031],[3.329,50.016],[3.375,50.036],[3.491,50.019],[3.545,50.054],[3.614,50.025],[3.656,50.033],[3.666,50.055],[3.715,50.069],[3.778,50.046],[3.875,50.037],[3.887,50.01],[3.982,50.044],[3.995,50.026],[3.98,49.995],[4.087,49.969],[4.172,49.977],[4.197,49.955],[4.233,49.958],[4.222,49.91],[4.254,49.904],[4.249,49.857],[4.215,49.806],[4.227,49.793],[4.21,49.782],[4.25,49.757],[4.225,49.727],[4.127,49.678],[4.115,49.635],[4.043,49.636],[4.025,49.623],[4.077,49.571],[4.049,49.545],[4.074,49.542],[4.076,49.518],[4.041,49.509],[4.042,49.469],[4.06,49.447],[4.038,49.438],[4.05,49.412],[4.035,49.36],[3.961,49.377],[3.924,49.406],[3.859,49.381],[3.852,49.345],[3.802,49.359],[3.647,49.315],[3.638,49.301],[3.657,49.291],[3.655,49.263],[3.676,49.238],[3.652,49.221],[3.684,49.198],[3.697,49.205],[3.704,49.181],[3.751,49.178],[3.749,49.157],[3.702,49.143],[3.622,49.151],[3.6,49.121],[3.639,49.081],[3.588,49.059],[3.587,49.036],[3.664,49.037],[3.675,49.012],[3.64,49.004],[3.621,48.966],[3.592,48.96],[3.602,48.944],[3.574,48.939],[3.57,48.915],[3.529,48.912],[3.462,48.838],[3.445,48.843],[3.452,48.856],[3.38,48.875],[3.372,48.922],[3.33,48.909],[3.305,48.949],[3.268,48.938],[3.252,48.972],[3.161,49.024],[3.19,49.046],[3.159,49.08],[3.165,49.1],[3.072,49.118],[3.14,49.153],[3.144,49.162],[3.121,49.162],[3.117,49.189],[3.103,49.197],[3.087,49.184],[3.019,49.217],[3.0,49.214],[3.002,49.188],[3.035,49.184],[3.038,49.17],[2.968,49.192],[2.965,49.233],[3.003,49.236],[3.022,49.216],[3.04,49.226],[3.027,49.276],[3.038,49.286],[2.995,49.287],[2.966,49.321],[3.075,49.349],[3.077,49.371],[3.095,49.377],[3.094,49.434],[3.163,49.441],[3.107,49.468],[3.121,49.494],[3.096,49.518],[3.127,49.526],[3.127,49.573],[3.14,49.576],[3.094,49.623],[3.113,49.631],[3.098,49.657],[3.127,49.67],[3.126,49.696],[3.098,49.767],[3.061,49.781],[3.086,49.792],[3.085,49.818],[3.057,49.833],[3.084,49.846],[3.074,49.876],[3.12,49.884],[3.118,49.914],[3.203,49.984],[3.156,49.992],[3.173,50.012]]]},"properties":{"code":"02","nom":"Aisne"}},{"type":"Feature","geometry":{"type":"Polygon","coordinates":[[[3.415,48.39],[3.422,48.413],[3.392,48.424],[3.406,48.452],[3.388,48.48],[3.435,48.49],[3.405,48.528],[3.48,48.545],[3.466,48.57],[3.516,48.59],[3.504,48.605],[3.556,48.62],[3.583,48.585],[3.628,48.576],[3.644,48.536],[3.731,48.537],[3.823,48.516],[3.861,48.534],[3.854,48.577],[3.9,48.575],[3.908,48.602],[3.949,48.603],[3.986,48.655],[4.056,48.667],[4.08,48.701],[4.131,48.686],[4.166,48.707],[4.295,48.713],[4.326,48.7],[4.334,48.677],[4.321,48.647],[4.332,48.63],[4.316,48.616],[4.403,48.561],[4.513,48.546],[4.545,48.525],[4.559,48.543],[4.614,48.554],[4.666,48.538],[4.676,48.519],[4.653,48.471],[4.627,48.468],[4.67,48.446],[4.716,48.395],[4.76,48.388],[4.755,48.367],[4.841,48.34],[4.814,48.323],[4.851,48.296],[4.854,48.229],[4.835,48.221],[4.863,48.202],[4.835,48.162],[4.85,48.142],[4.829,48.13],[4.836,48.109],[4.731,48.118],[4.704,48.089],[4.663,48.077],[4.723,48.046],[4.704,48.02],[4.583,48.029],[4.536,48.001],[4.555,47.986],[4.553,47.968],[4.309,47.961],[4.293,47.926],[4.248,47.929],[4.222,47.95],[4.228,47.969],[4.213,47.972],[4.199,47.97],[4.202,47.941],[4.166,47.96],[4.112,47.927],[4.061,47.946],[4.044,47.928],[4.006,47.942],[3.894,47.929],[3.915,47.976],[3.885,48.0],[3.878,47.979],[3.85,47.984],[3.84,48.004],[3.87,48.003],[3.871,48.016],[3.822,48.044],[3.826,48.064],[3.799,48.086],[3.805,48.103],[3.768,48.134],[3.74,48.133],[3.752,48.161],[3.718,48.175],[3.722,48.157],[3.705,48.144],[3.668,48.139],[3.632,48.189],[3.594,48.179],[3.575,48.189],[3.622,48.226],[3.6,48.237],[3.624,48.255],[3.617,48.271],[3.578,48.285],[3.588,48.301],[3.544,48.32],[3.545,48.335],[3.498,48.369],[3.453,48.374],[3.428,48.36],[3.415,48.39]]]},"properties":{"code":"10","nom":"Aube"}},{"type":"Feature","geometry":{"type":"Polygon","coordinates":[[[-1.12,49.356],[-1.078,49.388],[-0.939,49.395],[-0.851,49.363],[-0.759,49.35],[-0.397,49.333],[-0.226,49.282],[-0.087,49.298],[0.004,49.328],[0.13,49.403],[0.297,49.43],[0.302,49.371],[0.323,49.341],[0.298,49.314],[0.323,49.297],[0.309,49.283],[0.345,49.295],[0.384,49.286],[0.383,49.264],[0.326,49.244],[0.395,49.208],[0.386,49.154],[0.427,49.143],[0.4,49.101],[0.418,49.074],[0.387,49.074],[0.367,49.052],[0.446,49.015],[0.413,48.951],[0.377,48.973],[0.334,48.943],[0.263,48.965],[0.242,48.944],[0.156,48.925],[0.128,48.952],[0.081,48.938],[0.056,48.902],[-0.031,48.874],[-0.065,48.844],[-0.146,48.834],[-0.138,48.819],[-0.204,48.846],[-0.306,48.858],[-0.329,48.857],[-0.346,48.822],[-0.433,48.875],[-0.571,48.83],[-0.645,48.827],[-0.643,48.841],[-0.698,48.844],[-0.682,48.822],[-0.781,48.787],[-0.819,48.755],[-0.884,48.757],[-0.945,48.785],[-1.059,48.773],[-1.1,48.79],[-1.102,48.814],[-1.154,48.822],[-1.155,48.836],[-1.099,48.876],[-1.071,48.87],[-1.014,48.916],[-1.023,48.927],[-1.076,48.922],[-1.057,48.958],[-1.0,48.95],[-0.943,48.968],[-0.864,49.034],[-0.892,49.046],[-0.869,49.068],[-0.878,49.117],[-0.918,49.105],[-0.887,49.129],[-0.959,49.161],[-0.927,49.164],[-0.906,49.21],[-0.932,49.218],[-0.975,49.192],[-1.023,49.203],[-1.136,49.27],[-1.14,49.31],[-1.113,49.328],[-1.12,49.356]]]},"properties":{"code":"14","nom":"Calvados"}},{"type":"Feature","geometry":{"type":"Polygon","coordinates":[[[2.508,45.479],[2.544,45.479],[2.536,45.458],[2.567,45.464],[2.59,45.45],[2.622,45.469],[2.625,45.445],[2.688,45.438],[2.681,45.407],[2.715,45.382],[2.815,45.401],[2.868,45.376],[2.882,45.384],[2.922,45.366],[2.949,45.309],[3.002,45.29],[3.059,45.307],[3.06,45.331],[3.104,45.354],[3.113,45.327],[3.091,45.323],[3.114,45.309],[3.082,45.29],[3.16,45.295],[3.168,45.27],[3.213,45.281],[3.235,45.22],[3.272,45.209],[3.262,45.168],[3.288,45.12],[3.351,45.109],[3.326,45.095],[3.283,45.104],[3.287,45.089],[3.314,45.085],[3.297,45.036],[3.311,45.021],[3.337,45.025],[3.325,45.01],[3.37,45.001],[3.347,44.987],[3.361,44.971],[3.355,44.955],[3.286,44.926],[3.26,44.942],[3.245,44.935],[3.25,44.916],[3.228,44.91],[3.225,44.882],[3.182,44.864],[3.141,44.903],[3.105,44.887],[3.099,44.834],[3.071,44.834],[3.077,44.824],[3.046,44.799],[3.028,44.733],[3.039,44.715],[3.016,44.714],[2.982,44.645],[2.939,44.678],[2.923,44.729],[2.934,44.75],[2.917,44.757],[2.935,44.779],[2.92,44.794],[2.89,44.788],[2.86,44.874],[2.802,44.874],[2.773,44.856],[2.776,44.909],[2.738,44.941],[2.603,44.843],[2.599,44.793],[2.563,44.776],[2.556,44.721],[2.499,44.687],[2.483,44.65],[2.349,44.641],[2.327,44.67],[2.229,44.655],[2.208,44.644],[2.22,44.624],[2.207,44.616],[2.169,44.638],[2.179,44.674],[2.155,44.7],[2.13,44.698],[2.152,44.737],[2.149,44.77],[2.167,44.773],[2.166,44.813],[2.084,44.887],[2.108,44.911],[2.079,44.932],[2.063,44.977],[2.138,44.993],[2.095,45.056],[2.146,45.086],[2.172,45.081],[2.179,45.136],[2.234,45.167],[2.201,45.181],[2.195,45.221],[2.318,45.323],[2.359,45.336],[2.351,45.349],[2.368,45.389],[2.355,45.415],[2.478,45.37],[2.523,45.382],[2.522,45.402],[2.487,45.419],[2.508,45.479]]]},"properties":{"code":"15","nom":"Cantal"}},{"type":"Feature","geometry":{"type":"Polygon","coordinates":[[[0.815,48.67],[0.888,48.719],[0.921,48.709],[1.032,48.731],[1.059,48.757],[1.113,48.752],[1.121,48.789],[1.224,48.758],[1.246,48.77],[1.255,48.759],[1.333,48.763],[1.374,48.783],[1.362,48.834],[1.465,48.878],[1.448,48.925],[1.502,48.941],[1.513,48.923],[1.539,48.922],[1.56,48.882],[1.546,48.872],[1.595,48.84],[1.576,48.791],[1.585,48.763],[1.626,48.748],[1.58,48.702],[1.612,48.689],[1.602,48.664],[1.643,48.651],[1.666,48.614],[1.715,48.614],[1.709,48.578],[1.787,48.554],[1.779,48.508],[1.801,48.466],[1.836,48.466],[1.877,48.441],[1.906,48.44],[1.922,48.458],[1.943,48.441],[1.931,48.404],[1.977,48.399],[1.966,48.382],[1.987,48.362],[1.973,48.353],[1.982,48.328],[1.959,48.309],[1.994,48.287],[1.962,48.24],[1.978,48.201],[1.957,48.204],[1.951,48.19],[1.971,48.171],[1.914,48.167],[1.913,48.131],[1.866,48.084],[1.802,48.089],[1.798,48.077],[1.745,48.066],[1.656,48.076],[1.625,48.067],[1.594,48.031],[1.545,48.045],[1.547,48.03],[1.513,48.029],[1.527,48.007],[1.52,47.982],[1.44,48.012],[1.437,47.976],[1.387,47.981],[1.365,47.955],[1.346,47.965],[1.309,47.954],[1.3,47.968],[1.268,47.962],[1.237,47.979],[1.191,47.972],[1.203,47.977],[1.167,48.027],[1.121,48.039],[1.112,48.081],[0.996,48.089],[1.046,48.118],[1.039,48.132],[0.997,48.127],[0.95,48.099],[0.944,48.112],[0.841,48.103],[0.853,48.134],[0.914,48.135],[0.912,48.149],[0.796,48.188],[0.83,48.211],[0.788,48.261],[0.793,48.293],[0.762,48.307],[0.785,48.34],[0.915,48.374],[0.976,48.439],[0.936,48.476],[0.956,48.482],[0.942,48.499],[0.967,48.523],[0.923,48.538],[0.939,48.551],[0.926,48.559],[0.868,48.573],[0.847,48.605],[0.82,48.61],[0.831,48.634],[0.815,48.67]]]},"properties":{"code":"28","nom":"Eure-et-Loir"}},{"type":"Feature","geometry":{"type":"MultiPolygon","coordinates":[[[[-2.007,48.566],[-2.046,48.544],[-2.045,48.564],[-2.123,48.589],[-2.15,48.627],[-2.115,48.641],[-2.049,48.637],[-2.055,48.627],[-2.03,48.623],[-2.034,48.609],[-1.995,48.578],[-2.007,48.566]]],[[[-1.948,48.539],[-1.969,48.539],[-1.963,48.556],[-1.982,48.574],[-1.981,48.586],[-1.954,48.579],[-2.011,48.605],[-2.002,48.613],[-2.029,48.647],[-1.995,48.66],[-1.985,48.681],[-1.856,48.705],[-1.837,48.679],[-1.872,48.647],[-1.822,48.61],[-1.702,48.607],[-1.571,48.626],[-1.519,48.567],[-1.533,48.548],[-1.49,48.489],[-1.449,48.486],[-1.429,48.463],[-1.346,48.472],[-1.326,48.499],[-1.279,48.509],[-1.254,48.543],[-1.07,48.508],[-1.078,48.481],[-1.065,48.452],[-1.083,48.433],[-1.054,48.384],[-1.065,48.368],[-1.045,48.328],[-1.082,48.298],[-1.1,48.259],[-1.05,48.09],[-1.023,48.069],[-1.034,48.052],[-1.021,47.995],[-1.123,47.987],[-1.154,47.966],[-1.176,47.897],[-1.197,47.889],[-1.189,47.868],[-1.223,47.853],[-1.221,47.82],[-1.233,47.82],[-1.246,47.777],[-1.353,47.798],[-1.39,47.828],[-1.482,47.832],[-1.468,47.806],[-1.593,47.776],[-1.655,47.713],[-1.713,47.699],[-1.864,47.707],[-1.954,47.672],[-1.974,47.694],[-2.097,47.631],[-2.131,47.722],[-2.059,47.738],[-2.061,47.749],[-2.128,47.761],[-2.072,47.79],[-2.068,47.813],[-2.036,47.832],[-2.056,47.868],[-2.09,47.844],[-2.109,47.848],[-2.097,47.865],[-2.112,47.892],[-2.079,47.92],[-2.137,47.979],[-2.24,47.999],[-2.282,47.991],[-2.269,48.035],[-2.242,48.053],[-2.194,48.051],[-2.168,48.076],[-2.22,48.08],[-2.252,48.063],[-2.256,48.109],[-2.287,48.134],[-2.271,48.15],[-2.236,48.145],[-2.248,48.159],[-2.225,48.171],[-2.228,48.211],[-2.19,48.208],[-2.187,48.246],[-2.11,48.253],[-2.096,48.267],[-2.11,48.275],[-2.053,48.298],[-2.014,48.28],[-1.978,48.302],[-1.958,48.293],[-1.967,48.343],[-1.931,48.35],[-1.948,48.368],[-1.93,48.395],[-1.949,48.446],[-1.909,48.482],[-1.925,48.542],[-1.948,48.539]]]]},"properties":{"code":"35","nom":"Ille-et-Vilaine"}},{"type":"Feature","geometry":{"type":"Polygon","coordinates":[[[5.519,47.304],[5.574,47.254],[5.642,47.256],[5.676,47.276],[5.699,47.265],[5.74,47.201],[5.754,47.206],[5.811,47.169],[5.827,47.143],[5.769,47.089],[5.785,47.055],[5.737,47.05],[5.753,47.04],[5.741,47.031],[5.75,47.017],[5.788,47.021],[5.816,47.046],[5.829,47.012],[5.969,46.98],[5.98,46.963],[5.964,46.948],[5.997,46.933],[5.986,46.906],[6.008,46.896],[6.006,46.873],[6.033,46.871],[6.024,46.855],[6.106,46.845],[6.203,46.773],[6.18,46.742],[6.07,46.69],[6.104,46.65],[6.049,46.608],[6.153,46.536],[6.074,46.464],[6.086,46.441],[6.064,46.416],[5.87,46.265],[5.725,46.261],[5.715,46.309],[5.653,46.323],[5.642,46.342],[5.542,46.27],[5.473,46.265],[5.457,46.274],[5.467,46.323],[5.438,46.315],[5.428,46.342],[5.405,46.31],[5.404,46.333],[5.363,46.371],[5.377,46.381],[5.308,46.417],[5.323,46.463],[5.416,46.473],[5.42,46.502],[5.359,46.523],[5.362,46.577],[5.398,46.58],[5.413,46.6],[5.399,46.613],[5.441,46.638],[5.415,46.655],[5.422,46.673],[5.395,46.685],[5.408,46.696],[5.391,46.729],[5.361,46.732],[5.39,46.771],[5.34,46.791],[5.329,46.813],[5.462,46.839],[5.459,46.855],[5.402,46.868],[5.404,46.89],[5.329,46.894],[5.308,46.937],[5.263,46.936],[5.255,46.98],[5.31,47.018],[5.275,47.027],[5.283,47.045],[5.322,47.073],[5.386,47.082],[5.409,47.126],[5.44,47.144],[5.459,47.183],[5.446,47.2],[5.477,47.216],[5.488,47.289],[5.505,47.286],[5.519,47.304]]]},"properties":{"code":"39","nom":"Jura"}},{"type":"Feature","geometry":{"type":"Polygon","coordinates":[[[-1.254,44.468],[-1.106,44.503],[-1.085,44.532],[-1.027,44.507],[-0.988,44.508],[-0.981,44.483],[-1.029,44.423],[-0.919,44.443],[-0.817,44.42],[-0.73,44.448],[-0.682,44.444],[-0.676,44.457],[-0.629,44.443],[-0.628,44.398],[-0.528,44.365],[-0.518,44.339],[-0.432,44.323],[-0.431,44.303],[-0.383,44.286],[-0.39,44.209],[-0.272,44.194],[-0.223,44.206],[-0.226,44.265],[-0.194,44.269],[-0.141,44.226],[-0.129,44.152],[-0.004,44.15],[0.035,44.131],[0.135,44.124],[0.061,44.025],[0.076,43.983],[0.055,43.958],[0.077,43.916],[0.059,43.898],[-0.014,43.924],[0.007,43.954],[-0.036,43.984],[-0.047,43.961],[-0.098,43.942],[-0.102,43.927],[-0.126,43.944],[-0.166,43.928],[-0.179,43.938],[-0.228,43.911],[-0.234,43.891],[-0.191,43.875],[-0.209,43.858],[-0.188,43.833],[-0.192,43.81],[-0.227,43.808],[-0.208,43.761],[-0.219,43.751],[-0.194,43.737],[-0.247,43.711],[-0.239,43.694],[-0.256,43.68],[-0.24,43.671],[-0.243,43.655],[-0.264,43.636],[-0.282,43.643],[-0.278,43.616],[-0.247,43.616],[-0.255,43.597],[-0.243,43.585],[-0.276,43.585],[-0.336,43.551],[-0.406,43.568],[-0.452,43.55],[-0.463,43.567],[-0.432,43.586],[-0.448,43.596],[-0.557,43.543],[-0.567,43.558],[-0.615,43.539],[-0.658,43.561],[-0.643,43.574],[-0.708,43.557],[-0.715,43.541],[-0.768,43.579],[-0.843,43.543],[-0.993,43.54],[-0.993,43.505],[-1.069,43.508],[-1.081,43.523],[-1.148,43.488],[-1.17,43.494],[-1.165,43.508],[-1.133,43.521],[-1.171,43.546],[-1.291,43.498],[-1.418,43.498],[-1.477,43.539],[-1.525,43.53],[-1.448,43.642],[-1.312,44.145],[-1.254,44.468]]]},"properties":{"code":"40","nom":"Landes"}},{"type":"Feature","geometry":{"type":"Polygon","coordinates":[[[3.9,46.276],[3.908,46.242],[3.89,46.214],[3.973,46.203],[3.989,46.17],[4.104,46.198],[4.132,46.178],[4.188,46.175],[4.185,46.19],[4.208,46.195],[4.225,46.178],[4.253,46.188],[4.252,46.158],[4.282,46.157],[4.327,46.185],[4.365,46.184],[4.363,46.201],[4.388,46.22],[4.422,46.209],[4.396,46.189],[4.439,46.168],[4.422,46.142],[4.38,46.15],[4.322,46.129],[4.297,46.063],[4.254,46.053],[4.278,46.023],[4.306,46.021],[4.301,45.991],[4.243,45.997],[4.344,45.931],[4.324,45.9],[4.342,45.877],[4.394,45.865],[4.376,45.825],[4.388,45.806],[4.349,45.771],[4.365,45.75],[4.403,45.744],[4.366,45.699],[4.366,45.671],[4.44,45.623],[4.468,45.587],[4.615,45.575],[4.645,45.541],[4.659,45.543],[4.649,45.565],[4.683,45.566],[4.65,45.528],[4.651,45.497],[4.682,45.48],[4.739,45.487],[4.76,45.437],[4.745,45.421],[4.756,45.366],[4.66,45.339],[4.614,45.31],[4.623,45.291],[4.599,45.289],[4.592,45.271],[4.602,45.252],[4.488,45.232],[4.437,45.273],[4.386,45.256],[4.363,45.264],[4.35,45.28],[4.369,45.3],[4.332,45.318],[4.367,45.337],[4.35,45.358],[4.308,45.371],[4.272,45.36],[4.271,45.375],[4.226,45.39],[4.144,45.384],[4.154,45.365],[4.078,45.355],[4.071,45.336],[4.043,45.356],[4.016,45.329],[3.98,45.375],[3.937,45.372],[3.902,45.339],[3.889,45.395],[3.963,45.436],[3.984,45.494],[3.959,45.512],[3.954,45.556],[3.932,45.579],[3.823,45.632],[3.78,45.689],[3.781,45.724],[3.691,45.792],[3.722,45.814],[3.716,45.871],[3.754,45.886],[3.723,45.922],[3.694,45.931],[3.702,45.967],[3.741,45.966],[3.756,45.983],[3.789,45.974],[3.825,45.996],[3.807,46.046],[3.822,46.088],[3.793,46.112],[3.79,46.155],[3.808,46.162],[3.769,46.239],[3.803,46.239],[3.805,46.255],[3.9,46.276]]]},"properties":{"code":"42","nom":"Loire"}},{"type":"Feature","geometry":{"type":"Polygon","coordinates":[[[1.994,48.287],[2.106,48.308],[2.164,48.298],[2.154,48.316],[2.181,48.314],[2.202,48.345],[2.246,48.33],[2.245,48.298],[2.267,48.315],[2.295,48.308],[2.328,48.333],[2.37,48.309],[2.403,48.321],[2.421,48.299],[2.424,48.26],[2.506,48.239],[2.523,48.201],[2.517,48.167],[2.483,48.165],[2.444,48.131],[2.451,48.123],[2.538,48.141],[2.707,48.125],[2.755,48.146],[2.746,48.164],[2.799,48.168],[2.81,48.161],[2.801,48.133],[2.821,48.13],[2.868,48.156],[2.953,48.165],[3.029,48.133],[3.016,48.116],[3.035,48.116],[3.05,48.072],[3.124,48.031],[3.103,48.024],[3.125,48.006],[3.128,47.971],[3.05,47.911],[3.01,47.905],[3.002,47.869],[3.034,47.844],[3.013,47.834],[3.024,47.787],[2.857,47.761],[2.849,47.726],[2.859,47.712],[2.884,47.714],[2.954,47.646],[2.936,47.637],[2.938,47.599],[2.977,47.569],[2.857,47.553],[2.849,47.538],[2.875,47.52],[2.806,47.494],[2.733,47.538],[2.727,47.499],[2.684,47.483],[2.658,47.488],[2.656,47.51],[2.612,47.526],[2.617,47.541],[2.563,47.572],[2.491,47.568],[2.437,47.61],[2.373,47.586],[2.286,47.629],[2.239,47.621],[2.233,47.653],[2.205,47.662],[2.203,47.678],[2.008,47.677],[1.961,47.659],[1.934,47.679],[1.87,47.674],[1.856,47.69],[1.843,47.657],[1.791,47.637],[1.74,47.662],[1.697,47.738],[1.627,47.761],[1.593,47.728],[1.598,47.74],[1.548,47.77],[1.571,47.797],[1.531,47.829],[1.588,47.876],[1.581,47.902],[1.525,47.929],[1.567,47.974],[1.565,47.99],[1.52,47.982],[1.527,48.007],[1.513,48.029],[1.547,48.03],[1.545,48.045],[1.594,48.031],[1.625,48.067],[1.656,48.076],[1.745,48.066],[1.798,48.077],[1.802,48.089],[1.866,48.084],[1.913,48.131],[1.914,48.167],[1.971,48.171],[1.951,48.19],[1.957,48.204],[1.978,48.201],[1.962,48.24],[1.994,48.287]]]},"properties":{"code":"45","nom":"Loiret"}},{"type":"Feature","geometry":{"type":"Polygon","coordinates":[[[0.297,44.762],[0.346,44.723],[0.355,44.655],[0.415,44.646],[0.522,44.679],[0.541,44.665],[0.57,44.675],[0.577,44.694],[0.62,44.691],[0.63,44.707],[0.656,44.694],[0.657,44.678],[0.685,44.676],[0.78,44.683],[0.798,44.702],[0.827,44.692],[0.843,44.663],[0.817,44.627],[0.843,44.601],[0.87,44.597],[0.878,44.615],[0.979,44.644],[1.015,44.614],[1.073,44.596],[1.072,44.568],[1.013,44.536],[0.982,44.544],[1.016,44.506],[1.009,44.48],[1.023,44.475],[1.025,44.443],[1.057,44.428],[1.059,44.369],[0.95,44.36],[0.941,44.345],[0.92,44.384],[0.887,44.366],[0.896,44.346],[0.87,44.309],[0.916,44.302],[0.95,44.276],[0.928,44.267],[0.929,44.23],[0.906,44.19],[0.856,44.189],[0.854,44.175],[0.89,44.17],[0.879,44.13],[0.789,44.144],[0.796,44.115],[0.753,44.102],[0.742,44.065],[0.667,44.025],[0.598,44.078],[0.539,44.054],[0.46,44.055],[0.442,44.029],[0.382,44.006],[0.317,44.01],[0.318,43.995],[0.205,44.019],[0.167,43.997],[0.159,43.974],[0.139,43.975],[0.141,43.995],[0.126,44.0],[0.076,43.983],[0.063,44.001],[0.061,44.025],[0.135,44.124],[0.035,44.131],[-0.004,44.15],[-0.129,44.152],[-0.141,44.226],[-0.067,44.247],[-0.036,44.271],[-0.035,44.297],[-0.086,44.338],[-0.079,44.354],[0.024,44.377],[-0.011,44.419],[0.008,44.447],[-0.013,44.461],[-0.015,44.505],[0.016,44.529],[-0.001,44.548],[0.071,44.549],[0.082,44.584],[0.151,44.609],[0.137,44.636],[0.165,44.633],[0.183,44.661],[0.142,44.666],[0.101,44.701],[0.133,44.705],[0.141,44.737],[0.185,44.749],[0.202,44.722],[0.217,44.724],[0.226,44.764],[0.256,44.75],[0.297,44.762]]]},"properties":{"code":"47","nom":"Lot-et-Garonne"}},{"type":"Feature","geometry":{"type":"Polygon","coordinates":[[[4.951,49.237],[5.051,49.274],[5.059,49.29],[5.04,49.295],[5.026,49.336],[5.06,49.372],[5.09,49.37],[5.104,49.389],[5.086,49.403],[5.116,49.422],[5.109,49.455],[5.062,49.499],[5.101,49.536],[5.089,49.542],[5.113,49.561],[5.105,49.576],[5.118,49.593],[5.145,49.59],[5.163,49.564],[5.233,49.569],[5.263,49.542],[5.312,49.559],[5.343,49.594],[5.379,49.594],[5.394,49.617],[5.454,49.565],[5.442,49.552],[5.466,49.528],[5.448,49.517],[5.482,49.494],[5.462,49.453],[5.481,49.444],[5.471,49.428],[5.506,49.419],[5.449,49.402],[5.48,49.382],[5.501,49.409],[5.606,49.42],[5.635,49.437],[5.688,49.415],[5.687,49.394],[5.738,49.352],[5.721,49.325],[5.732,49.311],[5.763,49.316],[5.768,49.3],[5.721,49.248],[5.74,49.231],[5.719,49.216],[5.733,49.195],[5.766,49.198],[5.744,49.157],[5.76,49.15],[5.751,49.118],[5.818,49.111],[5.807,49.063],[5.836,49.066],[5.854,49.042],[5.823,49.023],[5.805,48.983],[5.848,48.953],[5.8,48.947],[5.747,48.915],[5.791,48.887],[5.765,48.873],[5.781,48.827],[5.758,48.801],[5.776,48.79],[5.714,48.745],[5.765,48.701],[5.745,48.671],[5.759,48.623],[5.803,48.625],[5.79,48.607],[5.762,48.609],[5.713,48.581],[5.716,48.561],[5.776,48.54],[5.739,48.466],[5.643,48.469],[5.652,48.458],[5.616,48.44],[5.52,48.432],[5.501,48.411],[5.446,48.425],[5.408,48.446],[5.401,48.47],[5.349,48.482],[5.329,48.507],[5.212,48.529],[5.165,48.565],[5.146,48.562],[5.118,48.596],[5.071,48.596],[5.058,48.63],[4.999,48.615],[4.993,48.658],[5.011,48.668],[4.988,48.684],[5.006,48.699],[4.997,48.71],[5.014,48.711],[5.009,48.741],[4.982,48.745],[4.935,48.79],[4.889,48.801],[4.889,48.817],[4.936,48.841],[4.913,48.872],[4.916,48.9],[4.95,48.931],[5.013,48.937],[5.038,48.973],[4.995,48.983],[5.033,48.994],[5.036,49.024],[5.008,49.035],[4.969,49.025],[5.006,49.059],[4.992,49.115],[4.94,49.185],[4.993,49.21],[4.971,49.236],[4.951,49.237]],[[5.456,49.481],[5.464,49.49],[5.442,49.504],[5.43,49.488],[5.456,49.481]]]},"properties":{"code":"55","nom":"Meuse"}},{"type":"Feature","geometry":{"type":"Polygon","coordinates":[[[-0.841,48.752],[-0.781,48.787],[-0.715,48.8],[-0.682,48.822],[-0.698,48.844],[-0.643,48.841],[-0.645,48.827],[-0.571,48.83],[-0.433,48.875],[-0.346,48.822],[-0.329,48.857],[-0.306,48.858],[-0.204,48.846],[-0.138,48.819],[-0.146,48.834],[-0.065,48.844],[-0.031,48.874],[0.056,48.902],[0.081,48.938],[0.128,48.952],[0.156,48.925],[0.242,48.944],[0.263,48.965],[0.334,48.943],[0.377,48.973],[0.413,48.951],[0.386,48.91],[0.42,48.888],[0.553,48.876],[0.578,48.894],[0.611,48.853],[0.629,48.854],[0.61,48.831],[0.758,48.768],[0.775,48.738],[0.731,48.705],[0.766,48.697],[0.764,48.675],[0.782,48.667],[0.815,48.67],[0.831,48.634],[0.82,48.61],[0.847,48.605],[0.868,48.573],[0.926,48.559],[0.939,48.551],[0.923,48.538],[0.967,48.523],[0.942,48.499],[0.956,48.482],[0.936,48.476],[0.976,48.439],[0.883,48.357],[0.785,48.34],[0.76,48.298],[0.793,48.293],[0.788,48.261],[0.83,48.211],[0.764,48.182],[0.724,48.198],[0.653,48.264],[0.633,48.246],[0.536,48.25],[0.488,48.308],[0.481,48.299],[0.395,48.321],[0.374,48.387],[0.381,48.425],[0.356,48.458],[0.296,48.48],[0.17,48.462],[0.151,48.437],[0.116,48.436],[0.099,48.41],[0.068,48.406],[0.062,48.382],[0.021,48.38],[-0.003,48.397],[-0.051,48.375],[-0.052,48.453],[-0.149,48.458],[-0.172,48.502],[-0.145,48.528],[-0.243,48.568],[-0.262,48.548],[-0.242,48.536],[-0.272,48.507],[-0.32,48.523],[-0.353,48.484],[-0.399,48.51],[-0.462,48.513],[-0.654,48.444],[-0.664,48.484],[-0.688,48.469],[-0.73,48.473],[-0.736,48.461],[-0.715,48.449],[-0.757,48.437],[-0.775,48.443],[-0.778,48.465],[-0.813,48.455],[-0.818,48.474],[-0.86,48.501],[-0.774,48.563],[-0.742,48.627],[-0.763,48.632],[-0.773,48.657],[-0.737,48.687],[-0.818,48.731],[-0.849,48.731],[-0.841,48.752]]]},"properties":{"code":"61","nom":"Orne"}},{"type":"Feature","geometry":{"type":"Polygon","coordinates":[[[2.068,51.007],[2.135,50.964],[2.213,50.811],[2.289,50.777],[2.376,50.784],[2.411,50.767],[2.341,50.741],[2.384,50.701],[2.364,50.685],[2.373,50.673],[2.403,50.682],[2.496,50.631],[2.534,50.643],[2.565,50.625],[2.587,50.638],[2.631,50.618],[2.68,50.636],[2.739,50.609],[2.753,50.628],[2.792,50.634],[2.761,50.656],[2.769,50.664],[2.809,50.669],[2.87,50.631],[2.842,50.629],[2.789,50.583],[2.816,50.566],[2.813,50.549],[2.794,50.549],[2.8,50.528],[2.887,50.538],[2.881,50.515],[2.899,50.502],[2.965,50.513],[3.008,50.493],[3.021,50.482],[3.007,50.457],[3.016,50.442],[3.067,50.458],[3.069,50.426],[2.982,50.401],[3.013,50.359],[3.084,50.311],[3.048,50.294],[3.051,50.282],[3.018,50.285],[3.012,50.268],[3.134,50.266],[3.188,50.229],[3.142,50.218],[3.131,50.199],[3.156,50.184],[3.102,50.163],[3.134,50.143],[3.096,50.124],[3.114,50.092],[3.095,50.083],[3.09,50.054],[3.014,50.059],[2.972,50.041],[2.948,50.053],[2.872,50.021],[2.852,50.031],[2.877,50.042],[2.858,50.077],[2.752,50.04],[2.743,50.048],[2.764,50.061],[2.781,50.111],[2.709,50.128],[2.697,50.104],[2.719,50.088],[2.705,50.081],[2.576,50.113],[2.578,50.14],[2.551,50.142],[2.532,50.115],[2.515,50.141],[2.477,50.137],[2.421,50.088],[2.375,50.109],[2.39,50.155],[2.496,50.195],[2.452,50.23],[2.405,50.234],[2.361,50.207],[2.334,50.239],[2.318,50.235],[2.331,50.223],[2.301,50.213],[2.274,50.227],[2.174,50.209],[2.15,50.19],[2.123,50.211],[2.086,50.201],[2.064,50.236],[2.078,50.249],[1.946,50.287],[1.936,50.301],[1.964,50.318],[1.947,50.331],[1.899,50.313],[1.779,50.362],[1.671,50.331],[1.645,50.339],[1.625,50.372],[1.563,50.395],[1.585,50.537],[1.627,50.521],[1.577,50.572],[1.578,50.64],[1.561,50.7],[1.574,50.716],[1.563,50.725],[1.591,50.73],[1.611,50.804],[1.581,50.867],[1.636,50.877],[1.781,50.955],[2.068,51.007]],[[3.0,50.13],[3.011,50.113],[3.073,50.131],[3.068,50.147],[3.096,50.163],[3.061,50.174],[3.04,50.153],[3.004,50.15],[3.0,50.13]]]},"properties":{"code":"62","nom":"Pas-de-Calais"}},{"type":"Feature","geometry":{"type":"Polygon","coordinates":[[[2.565,46.143],[2.641,46.118],[2.677,46.173],[2.722,46.181],[2.733,46.223],[2.81,46.196],[2.819,46.242],[2.856,46.255],[2.921,46.25],[2.937,46.243],[2.936,46.222],[2.913,46.21],[2.911,46.177],[2.953,46.171],[2.964,46.13],[3.016,46.102],[3.087,46.113],[3.101,46.082],[3.128,46.071],[3.302,46.066],[3.332,46.044],[3.419,46.074],[3.471,46.042],[3.464,46.008],[3.588,46.024],[3.632,45.961],[3.677,45.958],[3.748,45.898],[3.754,45.886],[3.716,45.871],[3.722,45.814],[3.691,45.792],[3.781,45.724],[3.78,45.689],[3.823,45.632],[3.904,45.599],[3.954,45.556],[3.959,45.512],[3.984,45.494],[3.969,45.475],[3.975,45.448],[3.899,45.41],[3.892,45.354],[3.838,45.366],[3.808,45.392],[3.786,45.369],[3.79,45.354],[3.772,45.349],[3.7,45.359],[3.68,45.384],[3.619,45.338],[3.59,45.357],[3.571,45.402],[3.521,45.402],[3.501,45.428],[3.42,45.397],[3.359,45.421],[3.334,45.406],[3.296,45.418],[3.291,45.402],[3.237,45.394],[3.219,45.369],[3.168,45.352],[3.104,45.354],[3.06,45.331],[3.059,45.307],[3.017,45.287],[2.949,45.309],[2.922,45.366],[2.882,45.384],[2.868,45.376],[2.815,45.401],[2.715,45.382],[2.681,45.407],[2.688,45.438],[2.625,45.445],[2.622,45.469],[2.605,45.452],[2.536,45.458],[2.544,45.479],[2.508,45.479],[2.516,45.553],[2.491,45.56],[2.465,45.594],[2.483,45.639],[2.514,45.64],[2.527,45.695],[2.485,45.749],[2.441,45.762],[2.388,45.827],[2.448,45.846],[2.443,45.863],[2.492,45.864],[2.555,45.913],[2.542,45.922],[2.565,45.957],[2.611,45.971],[2.594,45.989],[2.603,46.033],[2.572,46.049],[2.552,46.083],[2.565,46.143]]]},"properties":{"code":"63","nom":"Puy-de-Dôme"}},{"type":"Feature","geometry":{"type":"Polygon","coordinates":[[[7.635,49.054],[7.756,49.046],[7.8,49.064],[7.869,49.034],[7.935,49.058],[7.975,49.028],[8.048,49.014],[8.091,48.989],[8.23,48.966],[8.196,48.956],[8.148,48.904],[8.096,48.81],[8.029,48.786],[8.015,48.761],[7.972,48.758],[7.963,48.721],[7.84,48.641],[7.8,48.579],[7.805,48.514],[7.768,48.49],[7.732,48.393],[7.74,48.322],[7.696,48.304],[7.668,48.224],[7.601,48.158],[7.597,48.133],[7.553,48.122],[7.519,48.126],[7.52,48.149],[7.471,48.161],[7.477,48.204],[7.318,48.249],[7.275,48.305],[7.198,48.31],[7.17,48.342],[7.122,48.333],[7.079,48.351],[7.108,48.377],[7.086,48.399],[7.117,48.485],[7.094,48.489],[7.094,48.505],[7.128,48.51],[7.064,48.523],[7.079,48.536],[7.168,48.528],[7.263,48.59],[7.273,48.633],[7.304,48.66],[7.265,48.663],[7.242,48.692],[7.26,48.694],[7.312,48.767],[7.229,48.828],[7.188,48.834],[7.185,48.85],[7.149,48.845],[7.127,48.801],[7.078,48.786],[7.067,48.799],[7.089,48.807],[7.047,48.821],[7.051,48.846],[7.087,48.848],[7.096,48.862],[7.05,48.859],[7.027,48.88],[6.955,48.894],[6.965,48.905],[6.94,48.924],[6.979,48.933],[6.989,48.96],[7.032,48.956],[7.031,48.986],[7.079,49.05],[7.076,49.074],[7.111,49.072],[7.102,49.064],[7.131,49.005],[7.293,48.973],[7.291,48.957],[7.327,48.943],[7.447,48.966],[7.538,48.933],[7.578,48.957],[7.635,49.054]]]},"properties":{"code":"67","nom":"Bas-Rhin"}},{"type":"Feature","geometry":{"type":"Polygon","coordinates":[[[7.198,48.31],[7.275,48.305],[7.318,48.249],[7.477,48.204],[7.471,48.161],[7.52,48.149],[7.519,48.126],[7.577,48.12],[7.568,48.035],[7.622,47.972],[7.557,47.88],[7.561,47.839],[7.531,47.787],[7.548,47.74],[7.513,47.695],[7.522,47.662],[7.593,47.602],[7.585,47.577],[7.503,47.542],[7.501,47.529],[7.531,47.528],[7.487,47.482],[7.435,47.498],[7.423,47.484],[7.456,47.473],[7.403,47.436],[7.302,47.438],[7.246,47.422],[7.236,47.437],[7.181,47.441],[7.197,47.493],[7.13,47.503],[7.133,47.54],[7.106,47.551],[7.077,47.598],[7.006,47.602],[7.019,47.651],[7.039,47.651],[7.046,47.672],[7.026,47.701],[7.037,47.722],[7.016,47.743],[6.863,47.785],[6.843,47.813],[6.92,47.85],[6.898,47.884],[6.928,47.908],[6.913,47.919],[6.943,47.998],[7.002,48.022],[7.03,48.072],[7.077,48.108],[7.084,48.129],[7.059,48.137],[7.078,48.171],[7.172,48.297],[7.198,48.31]]]},"properties":{"code":"68","nom":"Haut-Rhin"}},{"type":"Feature","geometry":{"type":"Polygon","coordinates":[[[1.38,50.065],[1.446,50.069],[1.459,50.062],[1.456,50.038],[1.594,49.949],[1.678,49.918],[1.712,49.886],[1.737,49.808],[1.784,49.764],[1.712,49.732],[1.715,49.713],[1.69,49.695],[1.705,49.681],[1.751,49.694],[1.752,49.681],[1.703,49.645],[1.722,49.622],[1.695,49.6],[1.722,49.589],[1.727,49.542],[1.745,49.54],[1.719,49.508],[1.744,49.495],[1.772,49.513],[1.79,49.503],[1.699,49.399],[1.607,49.411],[1.575,49.44],[1.537,49.43],[1.436,49.455],[1.345,49.448],[1.337,49.428],[1.31,49.429],[1.308,49.395],[1.285,49.388],[1.272,49.346],[1.16,49.342],[1.134,49.31],[1.048,49.298],[1.064,49.282],[1.041,49.259],[0.993,49.253],[0.971,49.281],[0.956,49.271],[0.937,49.319],[0.901,49.297],[0.895,49.316],[0.852,49.326],[0.866,49.342],[0.932,49.345],[0.918,49.385],[0.893,49.372],[0.87,49.394],[0.819,49.398],[0.798,49.418],[0.665,49.402],[0.634,49.434],[0.582,49.434],[0.503,49.485],[0.369,49.444],[0.192,49.451],[0.121,49.463],[0.066,49.513],[0.169,49.691],[0.212,49.714],[0.321,49.742],[0.573,49.85],[0.77,49.872],[1.111,49.939],[1.38,50.065]]]},"properties":{"code":"76","nom":"Seine-Maritime"}},{"type":"Feature","geometry":{"type":"Polygon","coordinates":[[[2.936,48.163],[2.935,48.179],[3.005,48.208],[3.031,48.249],[3.048,48.25],[3.016,48.308],[3.05,48.36],[3.103,48.35],[3.14,48.373],[3.365,48.372],[3.367,48.394],[3.383,48.4],[3.415,48.39],[3.428,48.36],[3.453,48.374],[3.498,48.369],[3.624,48.255],[3.6,48.237],[3.622,48.226],[3.575,48.189],[3.594,48.179],[3.632,48.189],[3.668,48.139],[3.705,48.144],[3.722,48.157],[3.718,48.175],[3.752,48.161],[3.74,48.133],[3.768,48.134],[3.805,48.103],[3.799,48.086],[3.826,48.064],[3.822,48.044],[3.871,48.016],[3.87,48.003],[3.84,48.004],[3.85,47.984],[3.878,47.979],[3.885,48.0],[3.915,47.976],[3.894,47.929],[4.006,47.942],[4.044,47.928],[4.061,47.946],[4.112,47.927],[4.166,47.96],[4.202,47.941],[4.199,47.97],[4.228,47.969],[4.222,47.95],[4.248,47.929],[4.303,47.922],[4.311,47.904],[4.277,47.899],[4.247,47.874],[4.265,47.874],[4.261,47.844],[4.273,47.839],[4.324,47.847],[4.321,47.811],[4.34,47.8],[4.327,47.786],[4.332,47.757],[4.239,47.724],[4.272,47.687],[4.227,47.678],[4.249,47.659],[4.212,47.628],[4.175,47.553],[4.116,47.515],[4.13,47.471],[4.119,47.444],[4.099,47.43],[4.087,47.44],[4.066,47.407],[4.088,47.397],[4.08,47.376],[4.107,47.376],[4.106,47.339],[4.05,47.34],[4.029,47.316],[3.999,47.313],[3.973,47.333],[3.973,47.373],[3.948,47.393],[3.944,47.38],[3.871,47.367],[3.864,47.396],[3.893,47.411],[3.88,47.43],[3.852,47.436],[3.818,47.38],[3.774,47.406],[3.726,47.398],[3.673,47.436],[3.675,47.45],[3.618,47.465],[3.587,47.456],[3.581,47.498],[3.514,47.528],[3.505,47.558],[3.492,47.56],[3.488,47.494],[3.446,47.511],[3.397,47.509],[3.346,47.472],[3.285,47.504],[3.235,47.489],[3.205,47.523],[3.165,47.517],[3.122,47.541],[3.121,47.578],[3.102,47.588],[3.026,47.559],[2.962,47.577],[2.938,47.599],[2.936,47.637],[2.954,47.646],[2.884,47.714],[2.849,47.717],[2.857,47.761],[3.024,47.787],[3.013,47.834],[3.034,47.844],[3.002,47.869],[3.01,47.905],[3.05,47.911],[3.128,47.971],[3.125,48.006],[3.103,48.024],[3.124,48.031],[3.05,48.072],[3.035,48.116],[3.016,48.116],[3.029,48.133],[2.936,48.163]]]},"properties":{"code":"89","nom":"Yonne"}},{"type":"Feature","geometry":{"type":"Polygon","coordinates":[[[2.553,49.01],[2.58,48.992],[2.563,48.978],[2.603,48.929],[2.584,48.895],[2.559,48.885],[2.568,48.866],[2.587,48.865],[2.574,48.853],[2.592,48.807],[2.496,48.861],[2.416,48.849],[2.395,48.898],[2.32,48.9],[2.314,48.914],[2.336,48.941],[2.288,48.958],[2.366,48.974],[2.459,48.955],[2.553,49.01]]]},"properties":{"code":"93","nom":"Seine-Saint-Denis"}},{"type":"Feature","geometry":{"type":"Polygon","coordinates":[[[5.676,44.191],[5.795,44.213],[5.909,44.19],[5.915,44.203],[5.882,44.211],[5.824,44.279],[5.836,44.297],[5.866,44.296],[5.913,44.249],[5.925,44.313],[5.896,44.319],[5.904,44.338],[5.937,44.359],[5.954,44.395],[6.071,44.451],[6.084,44.478],[6.156,44.462],[6.162,44.435],[6.174,44.44],[6.228,44.382],[6.262,44.412],[6.234,44.464],[6.293,44.481],[6.327,44.464],[6.348,44.498],[6.332,44.51],[6.357,44.523],[6.414,44.469],[6.469,44.451],[6.632,44.447],[6.681,44.539],[6.737,44.553],[6.772,44.589],[6.84,44.609],[6.914,44.66],[6.948,44.655],[6.967,44.625],[6.938,44.604],[6.934,44.576],[6.854,44.529],[6.882,44.477],[6.945,44.432],[6.893,44.421],[6.887,44.361],[6.796,44.316],[6.79,44.272],[6.763,44.279],[6.724,44.25],[6.718,44.211],[6.687,44.169],[6.755,44.079],[6.746,44.043],[6.836,43.991],[6.852,43.955],[6.913,43.928],[6.942,43.897],[6.885,43.889],[6.831,43.918],[6.746,43.872],[6.673,43.888],[6.697,43.874],[6.699,43.855],[6.668,43.831],[6.708,43.81],[6.636,43.789],[6.62,43.806],[6.587,43.805],[6.546,43.782],[6.525,43.806],[6.482,43.791],[6.439,43.798],[6.414,43.792],[6.413,43.76],[6.384,43.734],[6.326,43.747],[6.254,43.8],[6.217,43.8],[6.154,43.744],[6.107,43.745],[6.022,43.668],[5.985,43.714],[5.94,43.727],[5.925,43.757],[5.882,43.724],[5.849,43.72],[5.837,43.741],[5.781,43.756],[5.757,43.729],[5.654,43.825],[5.545,43.818],[5.55,43.851],[5.607,43.914],[5.582,43.915],[5.568,43.943],[5.512,43.946],[5.509,43.96],[5.544,44.029],[5.545,44.07],[5.503,44.063],[5.499,44.116],[5.583,44.158],[5.564,44.171],[5.576,44.188],[5.602,44.191],[5.64,44.168],[5.631,44.151],[5.679,44.146],[5.683,44.163],[5.644,44.173],[5.652,44.19],[5.676,44.191]]]},"properties":{"code":"04","nom":"Alpes-de-Haute-Provence"}},{"type":"Feature","geometry":{"type":"Polygon","coordinates":[[[6.261,45.127],[6.302,45.109],[6.334,45.123],[6.363,45.104],[6.365,45.071],[6.454,45.052],[6.486,45.056],[6.481,45.094],[6.51,45.109],[6.53,45.099],[6.577,45.123],[6.616,45.121],[6.662,45.072],[6.674,45.02],[6.746,45.013],[6.751,44.998],[6.738,44.991],[6.765,44.96],[6.75,44.907],[6.86,44.853],[6.914,44.845],[6.934,44.862],[7.007,44.839],[7.022,44.821],[7.0,44.789],[7.077,44.681],[6.987,44.69],[6.948,44.655],[6.914,44.66],[6.84,44.609],[6.772,44.589],[6.737,44.553],[6.681,44.539],[6.632,44.447],[6.469,44.451],[6.414,44.469],[6.357,44.523],[6.332,44.51],[6.348,44.498],[6.327,44.464],[6.293,44.481],[6.234,44.464],[6.262,44.412],[6.228,44.382],[6.174,44.44],[6.162,44.435],[6.156,44.462],[6.084,44.478],[6.071,44.451],[5.954,44.395],[5.937,44.359],[5.904,44.338],[5.896,44.319],[5.925,44.313],[5.913,44.249],[5.866,44.296],[5.836,44.297],[5.824,44.279],[5.882,44.211],[5.915,44.203],[5.909,44.19],[5.795,44.213],[5.676,44.191],[5.686,44.197],[5.673,44.246],[5.687,44.267],[5.647,44.267],[5.638,44.3],[5.608,44.307],[5.627,44.335],[5.549,44.33],[5.514,44.347],[5.493,44.337],[5.463,44.367],[5.434,44.37],[5.443,44.391],[5.419,44.425],[5.476,44.42],[5.497,44.438],[5.464,44.448],[5.457,44.496],[5.604,44.466],[5.63,44.501],[5.665,44.502],[5.597,44.543],[5.65,44.618],[5.642,44.651],[5.726,44.639],[5.754,44.663],[5.791,44.653],[5.829,44.692],[5.801,44.707],[5.827,44.76],[5.879,44.747],[5.952,44.762],[5.98,44.781],[5.95,44.805],[6.03,44.838],[6.056,44.816],[6.136,44.864],[6.251,44.853],[6.288,44.874],[6.336,44.848],[6.355,44.855],[6.359,44.941],[6.323,44.953],[6.318,45.004],[6.252,44.997],[6.204,45.012],[6.22,45.065],[6.24,45.068],[6.229,45.109],[6.261,45.127]]]},"properties":{"code":"05","nom":"Hautes-Alpes"}},{"type":"Feature","geometry":{"type":"Polygon","coordinates":[[[4.483,45.236],[4.584,45.244],[4.602,45.252],[4.599,45.289],[4.623,45.291],[4.614,45.31],[4.639,45.326],[4.726,45.362],[4.773,45.355],[4.761,45.327],[4.809,45.29],[4.805,45.194],[4.829,45.157],[4.804,45.122],[4.827,45.102],[4.832,45.07],[4.861,45.055],[4.84,45.036],[4.838,45.005],[4.887,44.937],[4.858,44.903],[4.841,44.843],[4.822,44.839],[4.823,44.817],[4.762,44.769],[4.779,44.655],[4.741,44.589],[4.71,44.582],[4.692,44.556],[4.707,44.531],[4.688,44.506],[4.701,44.465],[4.667,44.431],[4.649,44.372],[4.649,44.27],[4.559,44.302],[4.504,44.34],[4.458,44.342],[4.441,44.284],[4.393,44.294],[4.394,44.345],[4.336,44.34],[4.288,44.315],[4.289,44.293],[4.259,44.265],[4.187,44.3],[4.178,44.318],[4.143,44.313],[4.127,44.338],[4.051,44.317],[4.037,44.331],[4.056,44.366],[4.042,44.395],[4.068,44.405],[4.035,44.42],[4.038,44.446],[3.988,44.473],[3.984,44.51],[3.945,44.574],[3.928,44.57],[3.905,44.593],[3.895,44.651],[3.873,44.678],[3.885,44.697],[3.862,44.712],[3.875,44.741],[3.863,44.744],[3.925,44.77],[3.946,44.824],[3.963,44.83],[3.982,44.812],[3.98,44.83],[3.996,44.821],[4.004,44.836],[4.028,44.834],[4.02,44.846],[4.04,44.873],[4.156,44.873],[4.236,44.97],[4.258,44.96],[4.312,44.972],[4.29,44.997],[4.297,45.017],[4.382,45.042],[4.346,45.075],[4.36,45.1],[4.4,45.105],[4.37,45.13],[4.377,45.144],[4.423,45.137],[4.437,45.11],[4.438,45.122],[4.457,45.119],[4.443,45.141],[4.48,45.195],[4.483,45.236]]]},"properties":{"code":"07","nom":"Ardèche"}},{"type":"Feature","geometry":{"type":"Polygon","coordinates":[[[4.233,49.958],[4.334,49.964],[4.447,49.938],[4.51,49.947],[4.593,49.986],[4.689,49.996],[4.696,50.059],[4.683,50.065],[4.702,50.096],[4.752,50.112],[4.762,50.136],[4.823,50.168],[4.832,50.154],[4.88,50.152],[4.895,50.135],[4.871,50.125],[4.869,50.098],[4.844,50.093],[4.838,50.067],[4.819,50.066],[4.84,50.038],[4.79,49.97],[4.791,49.958],[4.85,49.946],[4.888,49.906],[4.852,49.856],[4.874,49.821],[4.855,49.792],[4.999,49.799],[5.009,49.782],[5.094,49.764],[5.123,49.717],[5.162,49.715],[5.166,49.693],[5.269,49.696],[5.333,49.653],[5.305,49.629],[5.312,49.614],[5.35,49.631],[5.394,49.617],[5.379,49.594],[5.343,49.594],[5.312,49.559],[5.263,49.542],[5.233,49.569],[5.163,49.564],[5.145,49.59],[5.112,49.59],[5.113,49.561],[5.089,49.542],[5.101,49.536],[5.062,49.499],[5.109,49.455],[5.116,49.422],[5.086,49.403],[5.104,49.389],[5.09,49.37],[5.06,49.372],[5.026,49.336],[5.04,49.295],[5.059,49.29],[5.051,49.274],[4.951,49.237],[4.915,49.265],[4.881,49.262],[4.868,49.229],[4.815,49.25],[4.744,49.241],[4.686,49.257],[4.636,49.232],[4.595,49.271],[4.6,49.289],[4.576,49.297],[4.447,49.273],[4.393,49.297],[4.376,49.324],[4.307,49.328],[4.248,49.382],[4.042,49.417],[4.038,49.438],[4.06,49.447],[4.042,49.469],[4.041,49.509],[4.076,49.518],[4.077,49.531],[4.049,49.545],[4.077,49.571],[4.025,49.623],[4.043,49.636],[4.115,49.635],[4.127,49.678],[4.225,49.727],[4.25,49.757],[4.21,49.782],[4.227,49.793],[4.215,49.806],[4.223,49.834],[4.253,49.872],[4.254,49.904],[4.219,49.921],[4.233,49.958]]]},"properties":{"code":"08","nom":"Ardennes"}},{"type":"Feature","geometry":{"type":"Polygon","coordinates":[[[1.688,43.274],[1.724,43.225],[1.71,43.19],[1.825,43.146],[1.848,43.146],[1.852,43.161],[1.881,43.127],[1.918,43.133],[1.949,43.119],[1.95,43.08],[1.964,43.069],[1.941,43.053],[1.985,43.033],[1.97,43.008],[1.985,43.005],[1.985,42.967],[2.004,42.96],[1.962,42.961],[1.934,42.939],[1.981,42.93],[1.987,42.871],[1.88,42.853],[1.859,42.821],[1.896,42.809],[1.929,42.775],[1.908,42.768],[1.955,42.737],[2.086,42.752],[2.168,42.696],[2.166,42.664],[2.001,42.662],[1.972,42.617],[1.936,42.605],[1.9,42.615],[1.874,42.581],[1.801,42.572],[1.726,42.59],[1.735,42.617],[1.601,42.628],[1.549,42.656],[1.48,42.651],[1.468,42.631],[1.477,42.615],[1.44,42.604],[1.39,42.685],[1.354,42.699],[1.357,42.719],[1.23,42.728],[1.173,42.708],[1.075,42.785],[0.983,42.787],[0.96,42.806],[0.927,42.789],[0.858,42.826],[0.826,42.914],[0.876,42.927],[0.875,42.958],[0.979,42.974],[1.019,43.01],[0.987,43.028],[0.985,43.067],[1.005,43.081],[0.992,43.098],[1.012,43.109],[1.039,43.101],[1.05,43.14],[1.088,43.134],[1.124,43.157],[1.209,43.118],[1.224,43.086],[1.262,43.092],[1.26,43.105],[1.302,43.124],[1.214,43.162],[1.232,43.188],[1.315,43.19],[1.374,43.214],[1.375,43.238],[1.332,43.249],[1.331,43.263],[1.297,43.262],[1.293,43.285],[1.324,43.309],[1.373,43.31],[1.425,43.257],[1.418,43.228],[1.464,43.211],[1.505,43.221],[1.495,43.286],[1.518,43.289],[1.519,43.269],[1.548,43.276],[1.565,43.253],[1.571,43.275],[1.637,43.255],[1.635,43.237],[1.654,43.243],[1.651,43.261],[1.675,43.281],[1.688,43.274]]]},"properties":{"code":"09","nom":"Ariège"}},{"type":"Feature","geometry":{"type":"MultiPolygon","coordinates":[[[[-1.481,46.21],[-1.458,46.229],[-1.413,46.23],[-1.444,46.214],[-1.364,46.207],[-1.257,46.161],[-1.322,46.145],[-1.462,46.202],[-1.506,46.194],[-1.535,46.204],[-1.561,46.245],[-1.501,46.258],[-1.475,46.233],[-1.513,46.222],[-1.481,46.21]]],[[[-1.129,46.31],[-0.929,46.371],[-0.961,46.323],[-0.935,46.313],[-0.888,46.326],[-0.851,46.317],[-0.84,46.34],[-0.807,46.339],[-0.75,46.304],[-0.736,46.267],[-0.751,46.245],[-0.691,46.219],[-0.691,46.18],[-0.613,46.162],[-0.607,46.153],[-0.633,46.148],[-0.62,46.138],[-0.547,46.144],[-0.506,46.107],[-0.445,46.099],[-0.422,46.113],[-0.423,46.094],[-0.401,46.085],[-0.383,46.098],[-0.363,46.076],[-0.293,46.087],[-0.273,46.057],[-0.194,46.052],[-0.189,46.027],[-0.172,46.033],[-0.137,45.979],[-0.093,45.96],[-0.097,45.928],[-0.149,45.925],[-0.132,45.911],[-0.147,45.898],[-0.115,45.871],[-0.145,45.84],[-0.136,45.82],[-0.156,45.78],[-0.191,45.79],[-0.222,45.776],[-0.239,45.803],[-0.295,45.805],[-0.321,45.785],[-0.4,45.787],[-0.402,45.773],[-0.462,45.751],[-0.46,45.739],[-0.401,45.735],[-0.42,45.722],[-0.423,45.686],[-0.383,45.66],[-0.409,45.656],[-0.432,45.625],[-0.387,45.626],[-0.297,45.564],[-0.322,45.535],[-0.255,45.521],[-0.267,45.509],[-0.242,45.503],[-0.286,45.456],[-0.267,45.456],[-0.234,45.409],[-0.31,45.386],[-0.31,45.374],[-0.246,45.354],[-0.25,45.341],[-0.278,45.348],[-0.284,45.31],[-0.261,45.299],[-0.227,45.321],[-0.157,45.305],[-0.109,45.289],[-0.115,45.248],[-0.044,45.248],[0.003,45.229],[0.002,45.183],[-0.018,45.162],[0.005,45.154],[-0.037,45.139],[-0.04,45.102],[-0.088,45.121],[-0.153,45.089],[-0.189,45.094],[-0.364,45.17],[-0.383,45.143],[-0.418,45.204],[-0.405,45.24],[-0.424,45.248],[-0.419,45.273],[-0.471,45.292],[-0.568,45.298],[-0.569,45.332],[-0.587,45.343],[-0.594,45.321],[-0.753,45.322],[-0.774,45.369],[-0.841,45.435],[-1.026,45.575],[-0.989,45.581],[-1.02,45.622],[-1.049,45.62],[-1.209,45.697],[-1.23,45.693],[-1.243,45.782],[-1.133,45.807],[-1.168,45.845],[-1.153,45.862],[-1.121,45.856],[-1.081,45.899],[-1.077,45.937],[-1.094,45.949],[-1.065,45.956],[-1.099,45.991],[-1.063,45.994],[-1.053,46.011],[-1.101,46.094],[-1.143,46.109],[-1.125,46.111],[-1.126,46.124],[-1.173,46.139],[-1.161,46.155],[-1.207,46.146],[-1.242,46.157],[-1.207,46.185],[-1.199,46.213],[-1.111,46.261],[-1.129,46.31]]],[[[-1.25,45.846],[-1.266,45.878],[-1.384,45.951],[-1.389,46.003],[-1.413,46.047],[-1.371,46.039],[-1.313,45.993],[-1.236,45.982],[-1.234,45.927],[-1.188,45.883],[-1.208,45.85],[-1.196,45.83],[-1.217,45.813],[-1.236,45.805],[-1.25,45.846]]]]},"properties":{"code":"17","nom":"Charente-Maritime"}},{"type":"Feature","geometry":{"type":"Polygon","coordinates":[[[1.899,45.698],[1.957,45.725],[1.989,45.721],[2.002,45.748],[2.047,45.764],[2.081,45.747],[2.085,45.728],[2.174,45.732],[2.202,45.719],[2.194,45.699],[2.273,45.688],[2.273,45.664],[2.321,45.669],[2.349,45.709],[2.436,45.699],[2.492,45.738],[2.527,45.695],[2.513,45.671],[2.525,45.657],[2.514,45.64],[2.483,45.639],[2.465,45.594],[2.491,45.56],[2.516,45.553],[2.52,45.52],[2.487,45.419],[2.522,45.402],[2.523,45.382],[2.478,45.37],[2.355,45.415],[2.368,45.389],[2.351,45.349],[2.359,45.336],[2.318,45.323],[2.195,45.221],[2.201,45.181],[2.234,45.167],[2.179,45.136],[2.172,45.081],[2.146,45.086],[2.095,45.056],[2.141,45.006],[2.133,44.986],[1.985,44.974],[1.951,44.953],[1.939,44.973],[1.908,44.978],[1.824,44.928],[1.785,44.937],[1.775,44.924],[1.751,44.955],[1.711,44.967],[1.703,44.988],[1.63,45.034],[1.576,45.041],[1.552,45.028],[1.536,45.046],[1.462,45.014],[1.4,45.061],[1.386,45.103],[1.413,45.125],[1.307,45.137],[1.255,45.159],[1.292,45.187],[1.228,45.206],[1.277,45.242],[1.276,45.256],[1.227,45.272],[1.239,45.323],[1.273,45.328],[1.323,45.383],[1.26,45.398],[1.259,45.42],[1.289,45.417],[1.253,45.444],[1.27,45.478],[1.287,45.49],[1.35,45.467],[1.412,45.528],[1.439,45.521],[1.48,45.566],[1.493,45.549],[1.522,45.564],[1.557,45.549],[1.585,45.556],[1.593,45.575],[1.638,45.58],[1.682,45.625],[1.769,45.657],[1.784,45.68],[1.871,45.665],[1.906,45.678],[1.899,45.698]]]},"properties":{"code":"19","nom":"Corrèze"}},{"type":"Feature","geometry":{"type":"Polygon","coordinates":[[[0.63,45.715],[0.654,45.689],[0.726,45.694],[0.776,45.668],[0.752,45.618],[0.775,45.592],[0.807,45.594],[0.811,45.576],[0.845,45.584],[0.871,45.622],[0.892,45.601],[1.023,45.609],[1.038,45.569],[1.08,45.534],[1.119,45.545],[1.167,45.525],[1.136,45.506],[1.122,45.477],[1.236,45.455],[1.241,45.437],[1.262,45.444],[1.289,45.417],[1.259,45.42],[1.26,45.398],[1.323,45.383],[1.273,45.328],[1.239,45.323],[1.227,45.272],[1.276,45.256],[1.277,45.242],[1.228,45.206],[1.292,45.187],[1.255,45.159],[1.297,45.14],[1.413,45.125],[1.386,45.103],[1.4,45.061],[1.448,45.019],[1.409,45.006],[1.442,44.917],[1.414,44.912],[1.442,44.878],[1.361,44.841],[1.364,44.812],[1.3,44.797],[1.296,44.778],[1.323,44.765],[1.288,44.715],[1.27,44.722],[1.225,44.684],[1.147,44.67],[1.154,44.639],[1.095,44.59],[1.103,44.572],[0.979,44.644],[0.878,44.615],[0.87,44.597],[0.843,44.601],[0.817,44.627],[0.843,44.663],[0.827,44.692],[0.798,44.702],[0.78,44.683],[0.685,44.676],[0.657,44.678],[0.656,44.694],[0.63,44.707],[0.62,44.691],[0.577,44.694],[0.57,44.675],[0.541,44.665],[0.522,44.679],[0.415,44.646],[0.355,44.655],[0.346,44.723],[0.274,44.783],[0.264,44.826],[0.315,44.845],[0.285,44.865],[0.238,44.869],[0.242,44.857],[0.193,44.821],[0.113,44.819],[0.098,44.833],[0.076,44.82],[0.039,44.827],[0.021,44.85],[-0.034,44.852],[0.034,44.915],[0.009,44.963],[0.033,44.981],[0.044,45.033],[0.073,45.07],[0.046,45.113],[-0.004,45.12],[-0.04,45.102],[-0.037,45.139],[0.005,45.154],[-0.018,45.169],[0.053,45.227],[0.145,45.214],[0.175,45.239],[0.175,45.26],[0.205,45.264],[0.22,45.29],[0.267,45.298],[0.25,45.373],[0.271,45.42],[0.318,45.437],[0.303,45.459],[0.331,45.444],[0.333,45.459],[0.382,45.486],[0.432,45.486],[0.466,45.54],[0.506,45.554],[0.516,45.6],[0.5,45.617],[0.529,45.644],[0.536,45.633],[0.575,45.641],[0.568,45.651],[0.63,45.715]]]},"properties":{"code":"24","nom":"Dordogne"}},{"type":"Feature","geometry":{"type":"Polygon","coordinates":[[[0.297,49.43],[0.503,49.485],[0.582,49.434],[0.634,49.434],[0.665,49.402],[0.798,49.418],[0.819,49.398],[0.87,49.394],[0.893,49.372],[0.918,49.385],[0.932,49.345],[0.866,49.342],[0.852,49.326],[0.895,49.316],[0.901,49.297],[0.937,49.319],[0.956,49.271],[0.971,49.281],[0.993,49.253],[1.013,49.252],[1.054,49.268],[1.064,49.282],[1.048,49.298],[1.134,49.31],[1.16,49.342],[1.272,49.346],[1.285,49.388],[1.308,49.395],[1.31,49.429],[1.337,49.428],[1.345,49.448],[1.477,49.451],[1.537,49.43],[1.575,49.44],[1.607,49.411],[1.659,49.399],[1.74,49.405],[1.72,49.395],[1.759,49.368],[1.768,49.316],[1.803,49.272],[1.79,49.248],[1.755,49.27],[1.71,49.264],[1.623,49.086],[1.447,49.054],[1.479,48.999],[1.461,48.986],[1.471,48.975],[1.516,48.976],[1.497,48.969],[1.502,48.941],[1.448,48.925],[1.465,48.878],[1.362,48.834],[1.374,48.783],[1.333,48.763],[1.255,48.759],[1.246,48.77],[1.224,48.758],[1.121,48.789],[1.113,48.752],[1.059,48.757],[1.032,48.731],[0.921,48.709],[0.888,48.719],[0.85,48.683],[0.782,48.667],[0.764,48.675],[0.766,48.697],[0.731,48.705],[0.775,48.738],[0.758,48.768],[0.61,48.831],[0.629,48.854],[0.59,48.873],[0.597,48.885],[0.443,48.881],[0.386,48.91],[0.446,49.015],[0.367,49.052],[0.387,49.074],[0.418,49.074],[0.4,49.101],[0.427,49.143],[0.386,49.154],[0.395,49.208],[0.326,49.244],[0.383,49.264],[0.384,49.286],[0.345,49.295],[0.309,49.283],[0.323,49.297],[0.298,49.314],[0.323,49.341],[0.302,49.371],[0.297,49.43]]]},"properties":{"code":"27","nom":"Eure"}},{"type":"Feature","geometry":{"type":"Polygon","coordinates":[[[0.23,47.608],[0.259,47.612],[0.379,47.569],[0.402,47.579],[0.365,47.62],[0.381,47.639],[0.45,47.619],[0.476,47.648],[0.615,47.683],[0.631,47.709],[0.654,47.699],[0.644,47.685],[0.675,47.699],[0.712,47.682],[0.735,47.695],[0.835,47.677],[0.861,47.688],[0.846,47.648],[0.864,47.6],[0.899,47.605],[0.919,47.633],[0.964,47.629],[0.992,47.62],[0.997,47.584],[1.033,47.607],[1.076,47.563],[1.045,47.531],[1.068,47.523],[1.089,47.462],[1.113,47.466],[1.132,47.446],[1.113,47.429],[1.085,47.43],[1.124,47.392],[1.106,47.372],[1.123,47.354],[1.095,47.329],[1.099,47.312],[1.162,47.272],[1.173,47.285],[1.239,47.289],[1.347,47.169],[1.365,47.122],[1.345,47.102],[1.319,47.105],[1.313,47.074],[1.294,47.072],[1.273,47.038],[1.232,47.014],[1.161,47.04],[1.085,47.021],[1.056,46.996],[1.064,46.957],[1.038,46.941],[1.019,46.849],[0.987,46.805],[1.012,46.758],[0.989,46.762],[0.956,46.737],[0.925,46.757],[0.867,46.748],[0.843,46.764],[0.812,46.795],[0.809,46.828],[0.787,46.84],[0.796,46.849],[0.769,46.851],[0.704,46.903],[0.693,46.974],[0.636,46.985],[0.619,47.007],[0.567,47.002],[0.601,46.973],[0.598,46.957],[0.506,46.959],[0.439,46.93],[0.367,46.95],[0.325,46.931],[0.301,46.974],[0.307,47.049],[0.268,47.044],[0.262,47.07],[0.18,47.059],[0.174,47.071],[0.201,47.091],[0.181,47.114],[0.161,47.101],[0.124,47.128],[0.085,47.118],[0.078,47.146],[0.054,47.164],[0.079,47.283],[0.148,47.348],[0.142,47.362],[0.183,47.38],[0.154,47.399],[0.181,47.418],[0.181,47.453],[0.22,47.502],[0.225,47.527],[0.193,47.539],[0.235,47.578],[0.23,47.608]]]},"properties":{"code":"37","nom":"Indre-et-Loire"}},{"type":"Feature","geometry":{"type":"Polygon","coordinates":[[[3.361,44.971],[3.405,44.956],[3.418,44.901],[3.479,44.809],[3.578,44.826],[3.594,44.875],[3.642,44.878],[3.67,44.851],[3.657,44.836],[3.666,44.829],[3.741,44.839],[3.803,44.77],[3.842,44.772],[3.837,44.748],[3.875,44.741],[3.862,44.712],[3.885,44.697],[3.873,44.678],[3.895,44.651],[3.905,44.593],[3.961,44.555],[3.998,44.46],[3.951,44.402],[3.886,44.388],[3.952,44.328],[3.923,44.305],[3.936,44.275],[3.975,44.26],[3.946,44.24],[3.937,44.196],[3.96,44.191],[3.974,44.165],[3.922,44.18],[3.927,44.161],[3.878,44.133],[3.797,44.127],[3.679,44.183],[3.65,44.181],[3.628,44.155],[3.653,44.146],[3.633,44.123],[3.546,44.114],[3.44,44.129],[3.339,44.203],[3.207,44.19],[3.23,44.226],[3.164,44.244],[3.154,44.273],[3.124,44.26],[3.125,44.284],[3.154,44.308],[3.152,44.332],[3.134,44.333],[3.121,44.362],[3.12,44.383],[3.141,44.393],[3.127,44.414],[3.142,44.428],[3.136,44.455],[3.069,44.503],[3.076,44.573],[2.982,44.652],[3.016,44.714],[3.039,44.715],[3.028,44.733],[3.046,44.799],[3.077,44.824],[3.071,44.834],[3.099,44.834],[3.105,44.887],[3.141,44.903],[3.182,44.864],[3.225,44.882],[3.228,44.91],[3.25,44.916],[3.245,44.935],[3.26,44.942],[3.286,44.926],[3.355,44.955],[3.361,44.971]]]},"properties":{"code":"48","nom":"Lozère"}},{"type":"Feature","geometry":{"type":"Polygon","coordinates":[[[2.875,47.52],[2.845,47.545],[2.914,47.566],[3.026,47.559],[3.102,47.588],[3.121,47.578],[3.122,47.541],[3.165,47.517],[3.205,47.523],[3.235,47.489],[3.285,47.504],[3.346,47.472],[3.397,47.509],[3.446,47.511],[3.488,47.494],[3.492,47.56],[3.514,47.528],[3.581,47.498],[3.587,47.456],[3.618,47.465],[3.675,47.45],[3.673,47.436],[3.726,47.398],[3.774,47.406],[3.818,47.38],[3.852,47.436],[3.88,47.43],[3.893,47.411],[3.864,47.396],[3.871,47.367],[3.944,47.38],[3.948,47.393],[3.973,47.373],[3.973,47.333],[3.999,47.313],[4.029,47.316],[4.05,47.34],[4.113,47.335],[4.142,47.353],[4.114,47.308],[4.125,47.252],[4.135,47.237],[4.178,47.25],[4.231,47.199],[4.21,47.155],[4.115,47.146],[4.112,47.119],[4.048,47.11],[4.039,47.08],[4.072,47.054],[4.061,47.025],[3.995,46.985],[4.014,46.972],[4.039,46.985],[4.056,46.957],[4.041,46.951],[4.037,46.918],[4.101,46.859],[4.042,46.834],[4.063,46.789],[3.992,46.777],[3.923,46.739],[3.797,46.701],[3.783,46.736],[3.736,46.752],[3.662,46.738],[3.591,46.762],[3.581,46.753],[3.598,46.724],[3.55,46.716],[3.554,46.685],[3.53,46.689],[3.487,46.654],[3.457,46.652],[3.434,46.712],[3.388,46.715],[3.347,46.684],[3.27,46.717],[3.197,46.68],[3.13,46.727],[3.061,46.75],[3.032,46.795],[3.067,46.848],[3.05,46.911],[3.079,46.955],[3.063,46.981],[3.075,47.03],[3.019,47.071],[3.028,47.129],[2.982,47.222],[2.983,47.26],[2.877,47.322],[2.873,47.348],[2.931,47.431],[2.875,47.52]]]},"properties":{"code":"58","nom":"Nièvre"}},{"type":"Feature","geometry":{"type":"MultiPolygon","coordinates":[[[[1.784,49.758],[1.837,49.74],[1.821,49.722],[1.849,49.702],[1.894,49.699],[1.933,49.72],[1.949,49.701],[1.964,49.716],[2.035,49.709],[2.065,49.683],[2.156,49.702],[2.316,49.69],[2.373,49.656],[2.446,49.653],[2.478,49.621],[2.505,49.639],[2.565,49.619],[2.571,49.597],[2.624,49.61],[2.628,49.585],[2.65,49.572],[2.671,49.581],[2.689,49.626],[2.799,49.621],[2.794,49.656],[2.85,49.662],[2.857,49.684],[2.888,49.683],[2.866,49.702],[2.884,49.711],[2.916,49.703],[2.953,49.666],[2.949,49.692],[2.99,49.708],[3.026,49.68],[3.063,49.713],[3.083,49.712],[3.084,49.693],[3.118,49.706],[3.127,49.67],[3.098,49.657],[3.113,49.631],[3.094,49.623],[3.14,49.576],[3.127,49.573],[3.127,49.526],[3.096,49.513],[3.121,49.494],[3.107,49.468],[3.163,49.441],[3.094,49.434],[3.095,49.377],[3.077,49.371],[3.075,49.349],[2.966,49.321],[2.995,49.287],[3.038,49.286],[3.027,49.276],[3.04,49.226],[3.022,49.216],[3.003,49.236],[2.965,49.233],[2.962,49.22],[2.968,49.192],[3.023,49.17],[3.038,49.17],[3.035,49.184],[3.002,49.188],[3.0,49.214],[3.087,49.184],[3.103,49.197],[3.121,49.162],[3.144,49.162],[3.048,49.086],[3.009,49.092],[2.988,49.072],[2.97,49.089],[2.902,49.085],[2.856,49.07],[2.809,49.098],[2.787,49.075],[2.735,49.06],[2.72,49.075],[2.691,49.067],[2.633,49.108],[2.591,49.08],[2.558,49.098],[2.556,49.119],[2.533,49.119],[2.531,49.1],[2.49,49.106],[2.499,49.122],[2.435,49.134],[2.441,49.146],[2.415,49.152],[2.371,49.159],[2.359,49.147],[2.311,49.186],[2.286,49.16],[2.223,49.152],[2.235,49.167],[2.219,49.181],[2.164,49.166],[2.165,49.18],[2.097,49.19],[2.081,49.21],[2.005,49.178],[1.973,49.184],[1.885,49.163],[1.795,49.185],[1.742,49.18],[1.716,49.203],[1.734,49.211],[1.73,49.229],[1.699,49.235],[1.701,49.252],[1.755,49.27],[1.79,49.248],[1.803,49.272],[1.768,49.316],[1.759,49.368],[1.72,49.395],[1.74,49.405],[1.714,49.409],[1.79,49.503],[1.772,49.513],[1.744,49.495],[1.719,49.508],[1.745,49.54],[1.727,49.542],[1.722,49.589],[1.695,49.6],[1.722,49.622],[1.703,49.645],[1.752,49.681],[1.751,49.694],[1.705,49.681],[1.69,49.695],[1.747,49.757],[1.784,49.758]]]]},"properties":{"code":"60","nom":"Oise"}},{"type":"Feature","geometry":{"type":"Polygon","coordinates":[[[-0.243,43.585],[-0.176,43.596],[-0.16,43.581],[-0.097,43.582],[-0.095,43.548],[-0.064,43.545],[-0.04,43.513],[-0.049,43.492],[-0.018,43.472],[-0.066,43.463],[-0.054,43.419],[-0.066,43.412],[-0.043,43.41],[-0.001,43.444],[0.01,43.422],[-0.005,43.374],[0.026,43.341],[0.01,43.325],[-0.025,43.329],[-0.046,43.301],[-0.017,43.27],[-0.049,43.217],[-0.073,43.224],[-0.068,43.177],[-0.104,43.167],[-0.118,43.18],[-0.146,43.128],[-0.191,43.111],[-0.19,43.052],[-0.224,43.034],[-0.26,43.038],[-0.265,43.01],[-0.288,43.005],[-0.279,42.942],[-0.327,42.916],[-0.307,42.868],[-0.323,42.835],[-0.348,42.836],[-0.393,42.8],[-0.44,42.796],[-0.51,42.825],[-0.551,42.778],[-0.571,42.783],[-0.569,42.807],[-0.601,42.806],[-0.604,42.833],[-0.676,42.882],[-0.73,42.897],[-0.725,42.923],[-0.756,42.968],[-0.81,42.951],[-0.914,42.964],[-0.946,42.954],[-1.018,42.994],[-1.07,42.998],[-1.111,43.02],[-1.143,43.01],[-1.148,43.026],[-1.213,43.051],[-1.264,43.045],[-1.309,43.069],[-1.27,43.119],[-1.332,43.108],[-1.355,43.028],[-1.435,43.045],[-1.471,43.092],[-1.414,43.129],[-1.416,43.15],[-1.384,43.191],[-1.383,43.253],[-1.413,43.273],[-1.439,43.267],[-1.532,43.294],[-1.565,43.288],[-1.575,43.25],[-1.609,43.252],[-1.63,43.284],[-1.624,43.306],[-1.666,43.314],[-1.73,43.296],[-1.737,43.33],[-1.775,43.344],[-1.791,43.373],[-1.687,43.396],[-1.67,43.388],[-1.597,43.437],[-1.525,43.53],[-1.477,43.539],[-1.418,43.498],[-1.368,43.495],[-1.291,43.498],[-1.171,43.546],[-1.133,43.521],[-1.165,43.508],[-1.17,43.494],[-1.148,43.488],[-1.081,43.523],[-1.069,43.508],[-0.993,43.505],[-0.993,43.54],[-0.843,43.543],[-0.768,43.579],[-0.715,43.541],[-0.708,43.557],[-0.643,43.574],[-0.658,43.561],[-0.615,43.539],[-0.567,43.558],[-0.557,43.543],[-0.448,43.596],[-0.432,43.586],[-0.463,43.567],[-0.452,43.55],[-0.406,43.568],[-0.336,43.551],[-0.276,43.585],[-0.243,43.585]],[[-0.102,43.359],[-0.09,43.359],[-0.087,43.337],[-0.108,43.338],[-0.111,43.316],[-0.075,43.307],[-0.065,43.355],[-0.091,43.373],[-0.107,43.371],[-0.102,43.359]],[[-0.103,43.243],[-0.079,43.272],[-0.112,43.31],[-0.141,43.272],[-0.122,43.244],[-0.103,43.243]]]},"properties":{"code":"64","nom":"Pyrénées-Atlantiques"}},{"type":"Feature","geometry":{"type":"Polygon","coordinates":[[[4.388,46.22],[4.406,46.296],[4.427,46.303],[4.488,46.288],[4.504,46.267],[4.546,46.274],[4.558,46.295],[4.587,46.269],[4.619,46.265],[4.635,46.299],[4.693,46.302],[4.708,46.27],[4.68,46.259],[4.736,46.234],[4.721,46.222],[4.736,46.212],[4.724,46.184],[4.78,46.177],[4.802,46.157],[4.75,46.094],[4.762,46.069],[4.74,46.047],[4.755,45.974],[4.729,45.949],[4.736,45.938],[4.806,45.922],[4.81,45.898],[4.848,45.913],[4.881,45.897],[4.884,45.88],[4.909,45.874],[4.901,45.86],[4.924,45.804],[5.101,45.813],[5.089,45.784],[5.06,45.783],[5.07,45.765],[5.093,45.766],[5.095,45.739],[5.159,45.715],[5.105,45.7],[5.108,45.688],[5.054,45.66],[5.035,45.637],[5.038,45.615],[5.005,45.623],[4.989,45.619],[4.998,45.603],[4.901,45.606],[4.858,45.58],[4.777,45.587],[4.873,45.531],[4.782,45.472],[4.779,45.455],[4.757,45.456],[4.722,45.494],[4.7,45.478],[4.655,45.486],[4.65,45.528],[4.683,45.566],[4.649,45.565],[4.659,45.543],[4.645,45.541],[4.615,45.575],[4.468,45.587],[4.44,45.623],[4.366,45.671],[4.366,45.699],[4.403,45.744],[4.365,45.75],[4.349,45.771],[4.388,45.806],[4.376,45.825],[4.394,45.865],[4.342,45.877],[4.324,45.9],[4.344,45.931],[4.243,45.997],[4.301,45.991],[4.313,46.006],[4.254,46.053],[4.297,46.063],[4.322,46.129],[4.38,46.15],[4.411,46.137],[4.433,46.157],[4.439,46.168],[4.396,46.189],[4.422,46.209],[4.388,46.22]]]},"properties":{"code":"69","nom":"Rhône"}},{"type":"Feature","geometry":{"type":"Polygon","coordinates":[[[4.116,47.123],[4.166,47.12],[4.187,47.134],[4.182,47.151],[4.21,47.155],[4.273,47.108],[4.349,47.097],[4.353,47.064],[4.383,47.083],[4.416,47.078],[4.406,47.05],[4.512,47.012],[4.555,47.02],[4.547,46.998],[4.594,46.954],[4.679,46.929],[4.665,46.914],[4.685,46.901],[4.894,46.951],[4.896,46.966],[4.984,46.959],[5.049,46.982],[5.106,46.956],[5.222,46.989],[5.255,46.98],[5.263,46.936],[5.308,46.937],[5.329,46.894],[5.363,46.883],[5.391,46.894],[5.404,46.89],[5.402,46.868],[5.459,46.855],[5.457,46.831],[5.329,46.813],[5.34,46.791],[5.39,46.771],[5.361,46.732],[5.391,46.729],[5.408,46.696],[5.395,46.685],[5.422,46.673],[5.415,46.655],[5.441,46.638],[5.399,46.613],[5.413,46.6],[5.398,46.58],[5.362,46.577],[5.359,46.523],[5.42,46.502],[5.416,46.473],[5.276,46.448],[5.215,46.468],[5.201,46.508],[5.167,46.515],[5.052,46.485],[5.011,46.51],[4.949,46.501],[4.94,46.517],[4.851,46.356],[4.853,46.33],[4.78,46.177],[4.76,46.173],[4.724,46.184],[4.736,46.212],[4.721,46.222],[4.736,46.234],[4.68,46.259],[4.708,46.27],[4.679,46.304],[4.635,46.299],[4.619,46.265],[4.587,46.269],[4.57,46.293],[4.504,46.267],[4.458,46.297],[4.406,46.296],[4.389,46.214],[4.363,46.201],[4.365,46.184],[4.327,46.185],[4.282,46.157],[4.252,46.158],[4.253,46.188],[4.225,46.178],[4.208,46.195],[4.185,46.19],[4.188,46.175],[4.132,46.178],[4.104,46.198],[3.989,46.17],[3.973,46.203],[3.89,46.214],[3.909,46.26],[3.891,46.285],[3.943,46.299],[3.948,46.32],[3.997,46.323],[3.985,46.33],[3.992,46.37],[3.977,46.399],[4.002,46.459],[3.95,46.492],[3.865,46.49],[3.865,46.51],[3.834,46.531],[3.802,46.52],[3.742,46.54],[3.732,46.605],[3.714,46.614],[3.723,46.628],[3.638,46.707],[3.623,46.74],[3.736,46.752],[3.783,46.736],[3.797,46.701],[3.826,46.704],[3.992,46.777],[4.055,46.779],[4.056,46.822],[4.042,46.834],[4.101,46.859],[4.037,46.918],[4.041,46.951],[4.056,46.957],[4.039,46.985],[4.014,46.972],[3.995,46.985],[4.061,47.025],[4.072,47.054],[4.039,47.08],[4.048,47.11],[4.116,47.123]]]},"properties":{"code":"71","nom":"Saône-et-Loire"}},{"type":"Feature","geometry":{"type":"Polygon","coordinates":[[[2.32,48.9],[2.395,48.898],[2.413,48.873],[2.412,48.835],[2.463,48.842],[2.463,48.819],[2.332,48.817],[2.224,48.854],[2.232,48.869],[2.32,48.9]]]},"properties":{"code":"75","nom":"Paris"}},{"type":"Feature","geometry":{"type":"Polygon","coordinates":[[[2.201,48.909],[2.168,48.894],[2.146,48.836],[2.152,48.817],[2.227,48.776],[2.191,48.775],[2.182,48.758],[2.098,48.734],[2.111,48.724],[2.098,48.694],[2.046,48.688],[2.028,48.657],[2.011,48.66],[2.06,48.618],[2.035,48.604],[2.018,48.558],[1.938,48.563],[1.934,48.548],[1.967,48.533],[1.915,48.474],[1.921,48.448],[1.877,48.441],[1.836,48.466],[1.801,48.466],[1.779,48.508],[1.787,48.554],[1.709,48.578],[1.715,48.614],[1.666,48.614],[1.643,48.651],[1.602,48.664],[1.612,48.689],[1.58,48.702],[1.626,48.748],[1.585,48.763],[1.576,48.791],[1.595,48.84],[1.546,48.872],[1.56,48.882],[1.539,48.922],[1.513,48.923],[1.502,48.941],[1.497,48.969],[1.516,48.976],[1.461,48.986],[1.479,48.999],[1.447,49.054],[1.604,49.083],[1.614,49.071],[1.674,49.078],[1.723,49.045],[1.824,49.076],[1.865,49.057],[1.852,49.035],[1.869,49.018],[1.909,49.048],[1.938,49.022],[1.992,49.021],[2.025,48.999],[2.121,49.018],[2.121,48.993],[2.173,48.976],[2.174,48.953],[2.206,48.95],[2.201,48.909]]]},"properties":{"code":"78","nom":"Yvelines"}},{"type":"Feature","geometry":{"type":"Polygon","coordinates":[[[1.99,44.149],[2.059,44.172],[2.052,44.189],[2.094,44.188],[2.097,44.175],[2.106,44.194],[2.136,44.201],[2.192,44.162],[2.207,44.171],[2.238,44.159],[2.187,44.137],[2.285,44.145],[2.298,44.138],[2.291,44.125],[2.389,44.093],[2.41,44.056],[2.46,44.051],[2.494,43.996],[2.523,43.981],[2.499,43.951],[2.555,43.921],[2.55,43.897],[2.577,43.882],[2.564,43.841],[2.661,43.756],[2.743,43.729],[2.824,43.762],[2.921,43.736],[2.935,43.695],[2.907,43.654],[2.755,43.614],[2.711,43.646],[2.643,43.65],[2.615,43.6],[2.632,43.584],[2.616,43.567],[2.659,43.526],[2.668,43.47],[2.638,43.465],[2.646,43.459],[2.606,43.431],[2.433,43.435],[2.391,43.419],[2.303,43.448],[2.282,43.441],[2.259,43.46],[2.224,43.432],[2.215,43.384],[2.172,43.416],[2.073,43.396],[2.053,43.43],[2.015,43.451],[2.018,43.47],[2.048,43.486],[2.046,43.505],[2.015,43.504],[2.011,43.483],[1.996,43.48],[1.917,43.502],[1.851,43.55],[1.839,43.576],[1.697,43.621],[1.695,43.644],[1.731,43.663],[1.721,43.688],[1.665,43.702],[1.706,43.716],[1.65,43.752],[1.645,43.8],[1.591,43.815],[1.593,43.843],[1.555,43.868],[1.547,43.902],[1.574,43.937],[1.544,43.946],[1.552,43.963],[1.623,43.961],[1.637,43.995],[1.654,43.993],[1.65,44.01],[1.671,44.011],[1.704,44.044],[1.663,44.072],[1.659,44.116],[1.746,44.116],[1.778,44.097],[1.806,44.126],[1.837,44.107],[1.842,44.144],[1.904,44.13],[1.919,44.141],[1.894,44.156],[1.909,44.163],[1.97,44.143],[1.99,44.149]]]},"properties":{"code":"81","nom":"Tarn"}},{"type":"Feature","geometry":{"type":"Polygon","coordinates":[[[1.064,44.379],[1.133,44.393],[1.127,44.373],[1.081,44.354],[1.125,44.315],[1.181,44.307],[1.185,44.287],[1.25,44.273],[1.304,44.294],[1.304,44.263],[1.281,44.236],[1.336,44.228],[1.357,44.204],[1.454,44.254],[1.473,44.284],[1.509,44.274],[1.542,44.228],[1.587,44.249],[1.563,44.275],[1.577,44.302],[1.617,44.298],[1.616,44.278],[1.633,44.269],[1.652,44.287],[1.637,44.298],[1.663,44.293],[1.737,44.327],[1.782,44.314],[1.806,44.337],[1.827,44.324],[1.882,44.34],[1.86,44.32],[1.881,44.303],[1.869,44.292],[1.97,44.276],[1.96,44.241],[1.932,44.241],[1.89,44.208],[1.942,44.171],[1.959,44.185],[1.996,44.16],[1.97,44.143],[1.909,44.163],[1.894,44.156],[1.919,44.141],[1.904,44.13],[1.842,44.144],[1.837,44.107],[1.806,44.126],[1.778,44.097],[1.746,44.116],[1.659,44.116],[1.663,44.072],[1.704,44.044],[1.671,44.011],[1.65,44.01],[1.654,43.993],[1.637,43.995],[1.623,43.961],[1.552,43.963],[1.544,43.946],[1.574,43.937],[1.571,43.919],[1.532,43.917],[1.491,43.889],[1.475,43.902],[1.448,43.874],[1.366,43.889],[1.348,43.87],[1.363,43.857],[1.297,43.847],[1.348,43.838],[1.361,43.821],[1.267,43.799],[1.275,43.786],[1.211,43.771],[1.213,43.793],[1.18,43.796],[1.145,43.822],[1.115,43.798],[1.085,43.815],[1.058,43.799],[0.906,43.784],[0.904,43.808],[0.926,43.832],[0.895,43.84],[0.913,43.848],[0.883,43.875],[0.905,43.899],[0.863,43.923],[0.77,43.922],[0.76,43.942],[0.828,44.0],[0.814,44.025],[0.86,44.041],[0.817,44.055],[0.766,44.03],[0.738,44.073],[0.753,44.102],[0.796,44.115],[0.789,44.144],[0.879,44.13],[0.89,44.17],[0.854,44.175],[0.856,44.189],[0.906,44.19],[0.929,44.23],[0.928,44.267],[0.95,44.276],[0.916,44.302],[0.87,44.309],[0.896,44.346],[0.898,44.381],[0.92,44.384],[0.941,44.345],[0.95,44.36],[1.05,44.363],[1.064,44.379]]]},"properties":{"code":"82","nom":"Tarn-et-Garonne"}},{"type":"Feature","geometry":{"type":"MultiPolygon","coordinates":[[[[6.434,43.013],[6.47,43.045],[6.511,43.047],[6.462,43.014],[6.434,43.013]]],[[[6.397,42.993],[6.37,43.001],[6.421,43.014],[6.397,42.993]]],[[[6.244,43.02],[6.25,42.999],[6.209,42.983],[6.165,42.998],[6.244,43.02]]],[[[5.754,43.725],[5.781,43.756],[5.837,43.741],[5.849,43.72],[5.901,43.733],[5.925,43.757],[5.94,43.727],[5.985,43.714],[6.022,43.668],[6.107,43.745],[6.154,43.744],[6.217,43.8],[6.254,43.8],[6.326,43.747],[6.384,43.734],[6.413,43.76],[6.414,43.792],[6.525,43.806],[6.546,43.782],[6.62,43.806],[6.659,43.749],[6.683,43.758],[6.754,43.738],[6.774,43.704],[6.761,43.666],[6.799,43.628],[6.908,43.599],[6.88,43.535],[6.896,43.527],[6.884,43.503],[6.934,43.48],[6.918,43.448],[6.892,43.429],[6.857,43.43],[6.855,43.411],[6.751,43.421],[6.714,43.368],[6.717,43.347],[6.682,43.341],[6.666,43.318],[6.584,43.277],[6.593,43.262],[6.662,43.265],[6.677,43.279],[6.697,43.265],[6.664,43.238],[6.677,43.197],[6.624,43.165],[6.56,43.189],[6.493,43.15],[6.388,43.145],[6.36,43.12],[6.368,43.09],[6.333,43.091],[6.275,43.121],[6.201,43.116],[6.16,43.088],[6.148,43.027],[6.092,43.037],[6.128,43.043],[6.114,43.084],[6.022,43.078],[6.023,43.095],[6.005,43.104],[5.926,43.104],[5.934,43.119],[5.887,43.103],[5.909,43.1],[5.895,43.082],[5.938,43.085],[5.951,43.077],[5.944,43.066],[5.887,43.077],[5.857,43.047],[5.828,43.05],[5.794,43.069],[5.807,43.116],[5.774,43.117],[5.771,43.139],[5.695,43.144],[5.683,43.16],[5.692,43.175],[5.672,43.179],[5.684,43.236],[5.761,43.267],[5.763,43.282],[5.727,43.317],[5.684,43.318],[5.705,43.356],[5.683,43.399],[5.75,43.402],[5.788,43.42],[5.699,43.482],[5.725,43.551],[5.656,43.574],[5.692,43.584],[5.682,43.614],[5.7,43.642],[5.799,43.661],[5.813,43.689],[5.754,43.725]]]]},"properties":{"code":"83","nom":"Var"}},{"type":"Feature","geometry":{"type":"MultiPolygon","coordinates":[[[[-2.305,46.709],[-2.286,46.696],[-2.334,46.686],[-2.399,46.724],[-2.372,46.732],[-2.305,46.709]]],[[[-1.149,47.03],[-1.055,47.006],[-1.016,47.004],[-1.0,47.021],[-0.958,46.995],[-0.919,47.003],[-0.877,46.969],[-0.884,46.95],[-0.807,46.92],[-0.832,46.885],[-0.782,46.843],[-0.709,46.821],[-0.701,46.809],[-0.727,46.768],[-0.656,46.701],[-0.681,46.687],[-0.638,46.663],[-0.657,46.635],[-0.614,46.62],[-0.625,46.577],[-0.602,46.533],[-0.645,46.509],[-0.625,46.496],[-0.612,46.459],[-0.637,46.432],[-0.637,46.396],[-0.621,46.39],[-0.61,46.414],[-0.538,46.386],[-0.558,46.363],[-0.603,46.361],[-0.648,46.317],[-0.697,46.325],[-0.722,46.302],[-0.831,46.342],[-0.851,46.317],[-0.961,46.323],[-0.929,46.371],[-1.053,46.343],[-1.078,46.317],[-1.201,46.316],[-1.207,46.267],[-1.296,46.324],[-1.299,46.298],[-1.367,46.349],[-1.466,46.342],[-1.515,46.404],[-1.627,46.414],[-1.777,46.493],[-1.812,46.493],[-1.856,46.609],[-1.943,46.693],[-1.966,46.692],[-2.0,46.734],[-2.14,46.817],[-2.155,46.883],[-2.119,46.894],[-2.063,46.948],[-2.027,47.01],[-1.98,47.029],[-1.943,46.995],[-1.918,46.992],[-1.895,46.96],[-1.832,46.954],[-1.831,46.932],[-1.751,46.93],[-1.731,46.888],[-1.549,46.86],[-1.546,46.874],[-1.501,46.884],[-1.544,46.923],[-1.52,46.939],[-1.554,46.982],[-1.543,47.003],[-1.552,47.018],[-1.482,47.038],[-1.46,46.993],[-1.476,46.984],[-1.457,46.955],[-1.472,46.934],[-1.456,46.926],[-1.365,46.957],[-1.359,46.981],[-1.378,46.991],[-1.365,47.007],[-1.379,47.031],[-1.335,47.043],[-1.301,47.034],[-1.271,47.084],[-1.203,47.042],[-1.149,47.03]]],[[[-2.198,46.951],[-2.223,46.965],[-2.264,46.961],[-2.301,46.989],[-2.293,47.013],[-2.304,47.025],[-2.226,47.017],[-2.219,46.992],[-2.237,46.982],[-2.157,46.95],[-2.154,46.896],[-2.198,46.951]]]]},"properties":{"code":"85","nom":"Vendée"}},{"type":"Feature","geometry":{"type":"Polygon","coordinates":[[[0.823,46.129],[0.845,46.14],[0.832,46.15],[0.837,46.177],[0.8,46.201],[0.807,46.225],[0.848,46.229],[0.861,46.262],[0.907,46.285],[1.006,46.281],[1.027,46.343],[1.05,46.363],[1.127,46.348],[1.158,46.389],[1.192,46.377],[1.205,46.388],[1.216,46.368],[1.303,46.371],[1.356,46.4],[1.405,46.364],[1.41,46.343],[1.446,46.331],[1.444,46.306],[1.414,46.28],[1.437,46.272],[1.415,46.271],[1.406,46.254],[1.42,46.245],[1.375,46.215],[1.396,46.188],[1.453,46.18],[1.465,46.162],[1.452,46.153],[1.505,46.127],[1.491,46.112],[1.505,46.088],[1.543,46.077],[1.532,46.058],[1.549,46.035],[1.532,46.011],[1.575,45.976],[1.521,45.952],[1.513,45.932],[1.567,45.914],[1.579,45.93],[1.635,45.923],[1.625,45.916],[1.642,45.893],[1.591,45.883],[1.602,45.857],[1.628,45.848],[1.715,45.84],[1.771,45.868],[1.776,45.833],[1.881,45.798],[1.897,45.768],[1.874,45.756],[1.886,45.745],[1.873,45.725],[1.892,45.718],[1.881,45.709],[1.909,45.69],[1.906,45.678],[1.826,45.665],[1.816,45.68],[1.784,45.68],[1.769,45.657],[1.682,45.625],[1.638,45.58],[1.593,45.575],[1.585,45.556],[1.557,45.549],[1.522,45.564],[1.493,45.549],[1.48,45.566],[1.439,45.521],[1.412,45.528],[1.35,45.467],[1.287,45.49],[1.241,45.437],[1.236,45.455],[1.122,45.477],[1.136,45.506],[1.167,45.525],[1.119,45.545],[1.08,45.534],[1.038,45.569],[1.023,45.609],[0.892,45.601],[0.871,45.622],[0.845,45.584],[0.811,45.576],[0.807,45.594],[0.775,45.592],[0.752,45.618],[0.776,45.668],[0.726,45.694],[0.654,45.689],[0.63,45.715],[0.653,45.74],[0.715,45.763],[0.716,45.806],[0.784,45.792],[0.782,45.821],[0.827,45.883],[0.812,45.931],[0.863,45.92],[0.943,45.957],[0.946,45.974],[0.919,45.997],[0.926,46.01],[0.884,46.032],[0.86,46.018],[0.818,46.048],[0.834,46.098],[0.812,46.125],[0.823,46.129]]]},"properties":{"code":"87","nom":"Haute-Vienne"}},{"type":"Feature","geometry":{"type":"Polygon","coordinates":[[[5.47,48.421],[5.514,48.411],[5.52,48.432],[5.616,48.44],[5.652,48.458],[5.643,48.469],[5.713,48.46],[5.765,48.496],[5.787,48.483],[5.856,48.507],[5.906,48.495],[5.887,48.46],[5.899,48.447],[5.855,48.409],[5.893,48.405],[5.905,48.437],[5.931,48.434],[5.908,48.418],[5.928,48.394],[5.95,48.396],[5.962,48.35],[6.066,48.359],[6.08,48.364],[6.077,48.38],[6.117,48.354],[6.152,48.381],[6.15,48.409],[6.232,48.4],[6.301,48.431],[6.306,48.413],[6.381,48.412],[6.393,48.409],[6.384,48.395],[6.404,48.391],[6.435,48.413],[6.501,48.414],[6.534,48.431],[6.584,48.417],[6.569,48.437],[6.585,48.461],[6.624,48.473],[6.645,48.428],[6.815,48.399],[6.855,48.433],[6.891,48.418],[6.983,48.479],[7.123,48.514],[7.122,48.501],[7.094,48.505],[7.094,48.489],[7.117,48.485],[7.086,48.399],[7.108,48.377],[7.079,48.351],[7.122,48.333],[7.17,48.342],[7.198,48.31],[7.172,48.297],[7.078,48.171],[7.059,48.137],[7.084,48.129],[7.077,48.108],[7.03,48.072],[7.002,48.022],[6.943,47.998],[6.913,47.919],[6.928,47.908],[6.898,47.884],[6.92,47.85],[6.824,47.813],[6.785,47.85],[6.646,47.904],[6.602,47.944],[6.568,47.934],[6.542,47.903],[6.479,47.886],[6.432,47.944],[6.366,47.962],[6.205,47.932],[6.197,47.952],[6.168,47.952],[6.151,47.971],[6.165,47.976],[6.156,48.007],[6.132,48.024],[6.041,48.004],[6.002,47.956],[5.971,47.957],[5.954,47.937],[5.93,47.939],[5.96,47.966],[5.948,47.98],[5.885,47.926],[5.843,47.976],[5.832,47.958],[5.787,47.953],[5.778,47.978],[5.794,47.992],[5.778,48.031],[5.727,48.046],[5.697,48.077],[5.653,48.084],[5.661,48.072],[5.648,48.072],[5.631,48.084],[5.672,48.11],[5.657,48.12],[5.684,48.145],[5.682,48.176],[5.73,48.198],[5.688,48.234],[5.641,48.242],[5.654,48.269],[5.612,48.292],[5.588,48.274],[5.526,48.347],[5.482,48.356],[5.426,48.331],[5.419,48.361],[5.442,48.38],[5.394,48.391],[5.47,48.421]]]},"properties":{"code":"88","nom":"Vosges"}},{"type":"Feature","geometry":{"type":"Polygon","coordinates":[[[2.291,48.951],[2.336,48.941],[2.314,48.914],[2.32,48.9],[2.232,48.869],[2.224,48.854],[2.332,48.817],[2.31,48.757],[2.321,48.749],[2.304,48.729],[2.152,48.817],[2.146,48.836],[2.168,48.894],[2.291,48.951]]]},"properties":{"code":"92","nom":"Hauts-de-Seine"}},{"type":"Feature","geometry":{"type":"Polygon","coordinates":[[[3.032,46.795],[3.049,46.758],[3.13,46.727],[3.197,46.68],[3.27,46.717],[3.347,46.684],[3.388,46.715],[3.434,46.712],[3.457,46.652],[3.487,46.654],[3.53,46.689],[3.546,46.678],[3.55,46.716],[3.598,46.724],[3.581,46.753],[3.598,46.762],[3.629,46.749],[3.638,46.707],[3.723,46.628],[3.714,46.614],[3.732,46.605],[3.742,46.54],[3.802,46.52],[3.834,46.531],[3.865,46.51],[3.865,46.49],[3.95,46.492],[3.957,46.477],[3.998,46.465],[4.006,46.444],[3.988,46.435],[3.977,46.399],[3.992,46.37],[3.985,46.33],[3.997,46.323],[3.948,46.32],[3.943,46.299],[3.897,46.291],[3.9,46.276],[3.805,46.255],[3.803,46.239],[3.769,46.239],[3.808,46.162],[3.79,46.155],[3.793,46.112],[3.822,46.088],[3.807,46.046],[3.825,45.996],[3.789,45.974],[3.709,45.974],[3.694,45.931],[3.677,45.958],[3.632,45.961],[3.588,46.024],[3.464,46.008],[3.471,46.042],[3.419,46.074],[3.332,46.044],[3.302,46.066],[3.128,46.071],[3.101,46.082],[3.087,46.113],[3.016,46.102],[2.964,46.13],[2.953,46.171],[2.911,46.177],[2.913,46.21],[2.936,46.222],[2.937,46.243],[2.921,46.25],[2.856,46.255],[2.819,46.242],[2.81,46.196],[2.733,46.223],[2.722,46.181],[2.677,46.173],[2.653,46.124],[2.592,46.127],[2.565,46.143],[2.56,46.173],[2.529,46.185],[2.516,46.239],[2.489,46.249],[2.479,46.281],[2.443,46.295],[2.421,46.285],[2.42,46.31],[2.392,46.33],[2.37,46.313],[2.309,46.342],[2.303,46.354],[2.337,46.367],[2.285,46.386],[2.286,46.454],[2.305,46.475],[2.324,46.471],[2.324,46.49],[2.352,46.512],[2.497,46.534],[2.499,46.521],[2.52,46.531],[2.537,46.52],[2.615,46.553],[2.602,46.595],[2.582,46.593],[2.569,46.61],[2.597,46.637],[2.572,46.659],[2.605,46.668],[2.625,46.657],[2.623,46.689],[2.678,46.705],[2.729,46.748],[2.759,46.718],[2.801,46.734],[2.845,46.727],[2.845,46.743],[2.924,46.795],[3.032,46.795]]]},"properties":{"code":"03","nom":"Allier"}},{"type":"Feature","geometry":{"type":"MultiPolygon","coordinates":[[[[6.887,44.361],[6.922,44.348],[6.957,44.299],[6.993,44.281],[7.008,44.236],[7.189,44.198],[7.263,44.148],[7.344,44.145],[7.356,44.121],[7.427,44.113],[7.435,44.129],[7.615,44.15],[7.637,44.177],[7.685,44.174],[7.667,44.131],[7.717,44.082],[7.7,44.041],[7.665,44.031],[7.67,43.998],[7.649,43.974],[7.567,43.944],[7.559,43.897],[7.501,43.875],[7.525,43.785],[7.476,43.751],[7.437,43.752],[7.406,43.72],[7.336,43.71],[7.326,43.674],[7.315,43.707],[7.297,43.686],[7.242,43.688],[7.206,43.646],[7.195,43.658],[7.151,43.649],[7.126,43.605],[7.139,43.546],[7.119,43.544],[7.101,43.571],[7.04,43.542],[6.972,43.545],[6.938,43.516],[6.955,43.505],[6.934,43.48],[6.884,43.503],[6.896,43.527],[6.88,43.535],[6.908,43.599],[6.799,43.628],[6.761,43.666],[6.774,43.704],[6.754,43.738],[6.683,43.758],[6.659,43.749],[6.636,43.789],[6.712,43.815],[6.668,43.831],[6.699,43.855],[6.697,43.874],[6.673,43.888],[6.746,43.872],[6.831,43.918],[6.885,43.889],[6.942,43.897],[6.913,43.928],[6.852,43.955],[6.836,43.991],[6.746,44.043],[6.755,44.079],[6.687,44.169],[6.718,44.211],[6.724,44.25],[6.763,44.279],[6.79,44.272],[6.796,44.316],[6.887,44.361]]]]},"properties":{"code":"06","nom":"Alpes-Maritimes"}},{"type":"Feature","geometry":{"type":"Polygon","coordinates":[[[1.688,43.274],[1.748,43.344],[1.813,43.341],[1.804,43.392],[1.823,43.393],[1.817,43.41],[1.859,43.444],[1.895,43.419],[1.896,43.396],[1.93,43.423],[1.988,43.408],[2.031,43.419],[2.029,43.437],[2.053,43.43],[2.073,43.396],[2.172,43.416],[2.215,43.384],[2.224,43.432],[2.259,43.46],[2.282,43.441],[2.303,43.448],[2.391,43.419],[2.497,43.437],[2.593,43.413],[2.555,43.388],[2.54,43.346],[2.589,43.329],[2.616,43.289],[2.659,43.293],[2.694,43.32],[2.707,43.274],[2.753,43.255],[2.787,43.274],[2.818,43.309],[2.813,43.323],[2.868,43.33],[2.856,43.374],[2.868,43.382],[2.89,43.364],[2.887,43.33],[2.945,43.313],[3.004,43.32],[3.016,43.276],[3.055,43.28],[3.16,43.243],[3.201,43.249],[3.241,43.213],[3.141,43.129],[3.066,43.022],[3.039,42.942],[3.061,42.917],[3.044,42.838],[2.865,42.918],[2.789,42.896],[2.725,42.834],[2.509,42.85],[2.338,42.841],[2.319,42.824],[2.344,42.801],[2.355,42.727],[2.322,42.708],[2.265,42.706],[2.239,42.676],[2.176,42.649],[2.168,42.696],[2.086,42.752],[1.955,42.737],[1.908,42.768],[1.929,42.775],[1.896,42.809],[1.859,42.821],[1.88,42.853],[1.987,42.871],[1.981,42.93],[1.934,42.939],[1.962,42.961],[2.004,42.96],[1.985,42.967],[1.985,43.005],[1.97,43.008],[1.985,43.033],[1.941,43.053],[1.964,43.069],[1.95,43.08],[1.949,43.119],[1.918,43.133],[1.881,43.127],[1.852,43.161],[1.848,43.146],[1.825,43.146],[1.71,43.19],[1.724,43.225],[1.688,43.274]]]},"properties":{"code":"11","nom":"Aude"}},{"type":"Feature","geometry":{"type":"MultiPolygon","coordinates":[[[[8.573,42.381],[8.641,42.373],[8.771,42.325],[8.861,42.33],[8.863,42.297],[8.905,42.254],[9.007,42.209],[9.046,42.207],[9.072,42.13],[9.12,42.108],[9.135,42.051],[9.161,42.026],[9.221,42.028],[9.215,41.942],[9.23,41.932],[9.213,41.917],[9.252,41.899],[9.227,41.856],[9.237,41.847],[9.302,41.844],[9.309,41.832],[9.372,41.865],[9.402,41.859],[9.404,41.711],[9.372,41.679],[9.387,41.657],[9.348,41.637],[9.346,41.618],[9.308,41.628],[9.283,41.596],[9.296,41.583],[9.322,41.605],[9.369,41.597],[9.341,41.559],[9.273,41.53],[9.284,41.478],[9.224,41.442],[9.228,41.409],[9.265,41.428],[9.22,41.368],[9.094,41.394],[9.121,41.438],[9.074,41.443],[9.07,41.476],[9.038,41.46],[8.993,41.485],[8.885,41.505],[8.878,41.524],[8.845,41.518],[8.851,41.541],[8.789,41.558],[8.802,41.573],[8.777,41.593],[8.793,41.63],[8.87,41.646],[8.915,41.69],[8.773,41.712],[8.785,41.732],[8.772,41.742],[8.717,41.723],[8.698,41.741],[8.659,41.742],[8.73,41.776],[8.721,41.798],[8.771,41.811],[8.782,41.834],[8.768,41.846],[8.791,41.856],[8.781,41.881],[8.803,41.891],[8.786,41.92],[8.745,41.933],[8.721,41.909],[8.615,41.902],[8.621,41.94],[8.596,41.966],[8.646,41.968],[8.669,41.982],[8.656,42.009],[8.747,42.05],[8.72,42.064],[8.7,42.113],[8.661,42.104],[8.61,42.135],[8.583,42.129],[8.594,42.143],[8.577,42.157],[8.588,42.171],[8.565,42.177],[8.583,42.179],[8.574,42.226],[8.54,42.235],[8.689,42.264],[8.69,42.278],[8.661,42.302],[8.597,42.316],[8.628,42.332],[8.6,42.353],[8.553,42.333],[8.548,42.379],[8.567,42.371],[8.573,42.381]]]]},"properties":{"code":"2A","nom":"Corse-du-Sud"}},{"type":"Feature","geometry":{"type":"MultiPolygon","coordinates":[[[[-3.002,48.836],[-3.013,48.856],[-2.994,48.864],[-3.002,48.836]]],[[[-2.124,48.604],[-2.123,48.589],[-2.095,48.574],[-2.045,48.564],[-2.046,48.544],[-2.007,48.566],[-1.994,48.56],[-1.972,48.535],[-1.986,48.511],[-1.932,48.551],[-1.925,48.542],[-1.909,48.482],[-1.949,48.446],[-1.93,48.395],[-1.948,48.368],[-1.931,48.35],[-1.967,48.343],[-1.958,48.293],[-1.978,48.302],[-2.014,48.28],[-2.053,48.298],[-2.11,48.275],[-2.096,48.267],[-2.11,48.253],[-2.187,48.246],[-2.19,48.208],[-2.228,48.211],[-2.225,48.171],[-2.248,48.159],[-2.236,48.145],[-2.271,48.15],[-2.287,48.134],[-2.352,48.125],[-2.358,48.111],[-2.426,48.174],[-2.534,48.157],[-2.514,48.132],[-2.549,48.099],[-2.548,48.077],[-2.631,48.035],[-2.67,48.048],[-2.652,48.096],[-2.662,48.129],[-2.754,48.116],[-2.778,48.09],[-2.782,48.121],[-2.81,48.147],[-2.851,48.141],[-2.937,48.17],[-3.0,48.162],[-3.014,48.197],[-3.078,48.211],[-3.132,48.196],[-3.139,48.164],[-3.193,48.164],[-3.218,48.144],[-3.272,48.14],[-3.319,48.15],[-3.337,48.171],[-3.417,48.146],[-3.438,48.163],[-3.423,48.177],[-3.444,48.186],[-3.565,48.186],[-3.52,48.192],[-3.558,48.229],[-3.522,48.255],[-3.518,48.282],[-3.555,48.294],[-3.529,48.315],[-3.548,48.313],[-3.563,48.348],[-3.555,48.378],[-3.608,48.388],[-3.59,48.429],[-3.552,48.451],[-3.599,48.471],[-3.604,48.496],[-3.539,48.538],[-3.595,48.555],[-3.585,48.573],[-3.641,48.597],[-3.664,48.649],[-3.636,48.682],[-3.601,48.669],[-3.567,48.683],[-3.582,48.689],[-3.585,48.717],[-3.549,48.746],[-3.585,48.775],[-3.535,48.803],[-3.545,48.812],[-3.513,48.835],[-3.428,48.816],[-3.443,48.803],[-3.431,48.797],[-3.398,48.801],[-3.319,48.838],[-3.264,48.834],[-3.232,48.867],[-3.211,48.855],[-3.208,48.813],[-3.168,48.853],[-3.114,48.867],[-3.084,48.866],[-3.093,48.859],[-3.079,48.83],[-3.121,48.765],[-3.1,48.768],[-3.07,48.821],[-3.014,48.822],[-3.006,48.8],[-3.044,48.783],[-2.929,48.754],[-2.942,48.719],[-2.841,48.663],[-2.82,48.594],[-2.718,48.555],[-2.715,48.529],[-2.685,48.498],[-2.682,48.531],[-2.63,48.526],[-2.55,48.599],[-2.473,48.623],[-2.468,48.65],[-2.396,48.643],[-2.327,48.683],[-2.287,48.668],[-2.338,48.62],[-2.309,48.615],[-2.259,48.645],[-2.246,48.615],[-2.202,48.584],[-2.182,48.599],[-2.187,48.581],[-2.164,48.579],[-2.166,48.604],[-2.124,48.604]]]]},"properties":{"code":"22","nom":"Côtes-d'Armor"}},{"type":"Feature","geometry":{"type":"Polygon","coordinates":[[[2.168,46.424],[2.281,46.42],[2.285,46.386],[2.337,46.367],[2.303,46.354],[2.323,46.329],[2.37,46.313],[2.392,46.33],[2.42,46.31],[2.421,46.285],[2.443,46.295],[2.479,46.281],[2.489,46.249],[2.516,46.239],[2.529,46.185],[2.56,46.173],[2.552,46.083],[2.572,46.049],[2.603,46.033],[2.594,45.989],[2.611,45.971],[2.565,45.957],[2.542,45.922],[2.555,45.913],[2.492,45.864],[2.443,45.863],[2.448,45.846],[2.388,45.827],[2.441,45.762],[2.492,45.738],[2.436,45.699],[2.349,45.709],[2.321,45.669],[2.273,45.664],[2.273,45.688],[2.194,45.699],[2.202,45.719],[2.174,45.732],[2.085,45.728],[2.081,45.747],[2.047,45.764],[2.002,45.748],[1.989,45.721],[1.957,45.725],[1.899,45.698],[1.881,45.709],[1.888,45.725],[1.873,45.725],[1.886,45.745],[1.874,45.756],[1.897,45.768],[1.881,45.798],[1.776,45.833],[1.771,45.868],[1.733,45.844],[1.677,45.835],[1.602,45.857],[1.591,45.883],[1.642,45.893],[1.625,45.916],[1.635,45.923],[1.579,45.93],[1.567,45.914],[1.513,45.932],[1.521,45.952],[1.575,45.976],[1.532,46.011],[1.549,46.035],[1.532,46.058],[1.543,46.077],[1.505,46.088],[1.491,46.112],[1.505,46.127],[1.452,46.153],[1.465,46.162],[1.453,46.18],[1.396,46.188],[1.375,46.215],[1.42,46.245],[1.406,46.254],[1.415,46.271],[1.437,46.272],[1.414,46.28],[1.444,46.306],[1.446,46.331],[1.41,46.343],[1.522,46.427],[1.544,46.417],[1.546,46.393],[1.609,46.423],[1.629,46.388],[1.645,46.387],[1.684,46.418],[1.728,46.389],[1.751,46.406],[1.755,46.452],[1.798,46.455],[1.838,46.427],[1.978,46.44],[2.089,46.409],[2.168,46.424]]]},"properties":{"code":"23","nom":"Creuse"}},{"type":"Feature","geometry":{"type":"Polygon","coordinates":[[[6.807,47.563],[6.817,47.548],[6.906,47.547],[6.91,47.526],[6.946,47.512],[6.949,47.486],[6.908,47.495],[6.908,47.473],[6.941,47.433],[6.938,47.406],[6.918,47.406],[6.885,47.375],[6.884,47.353],[7.016,47.372],[7.05,47.361],[7.057,47.335],[7.01,47.324],[7.016,47.314],[6.993,47.296],[6.943,47.288],[6.955,47.243],[6.843,47.172],[6.858,47.164],[6.84,47.151],[6.707,47.083],[6.692,47.067],[6.714,47.049],[6.7,47.039],[6.619,46.992],[6.497,46.974],[6.433,46.929],[6.465,46.89],[6.46,46.851],[6.431,46.812],[6.459,46.789],[6.438,46.762],[6.27,46.683],[6.127,46.59],[6.111,46.576],[6.13,46.554],[6.049,46.608],[6.104,46.65],[6.07,46.69],[6.18,46.742],[6.203,46.773],[6.106,46.845],[6.024,46.855],[6.033,46.871],[6.006,46.873],[6.008,46.896],[5.986,46.906],[5.997,46.933],[5.964,46.948],[5.98,46.963],[5.969,46.98],[5.829,47.012],[5.816,47.046],[5.788,47.021],[5.75,47.017],[5.741,47.031],[5.753,47.04],[5.737,47.05],[5.785,47.055],[5.769,47.089],[5.827,47.143],[5.781,47.193],[5.74,47.201],[5.699,47.265],[5.732,47.264],[5.884,47.322],[5.894,47.311],[5.897,47.329],[5.926,47.327],[5.927,47.345],[5.989,47.328],[6.08,47.354],[6.082,47.371],[6.113,47.361],[6.104,47.382],[6.117,47.393],[6.152,47.386],[6.2,47.429],[6.243,47.414],[6.239,47.431],[6.28,47.444],[6.303,47.492],[6.319,47.486],[6.334,47.506],[6.418,47.521],[6.463,47.512],[6.471,47.487],[6.496,47.506],[6.554,47.493],[6.584,47.51],[6.568,47.533],[6.582,47.54],[6.647,47.535],[6.67,47.558],[6.66,47.58],[6.768,47.538],[6.807,47.563]]]},"properties":{"code":"25","nom":"Doubs"}},{"type":"Feature","geometry":{"type":"MultiPolygon","coordinates":[[[[-5.073,48.483],[-5.04,48.465],[-5.106,48.436],[-5.092,48.452],[-5.138,48.448],[-5.073,48.483]]],[[[-3.992,48.736],[-4.04,48.747],[-4.006,48.752],[-3.992,48.736]]],[[[-3.659,48.659],[-3.641,48.597],[-3.594,48.586],[-3.595,48.555],[-3.539,48.538],[-3.604,48.496],[-3.599,48.471],[-3.552,48.451],[-3.59,48.429],[-3.608,48.388],[-3.555,48.378],[-3.563,48.348],[-3.548,48.313],[-3.529,48.315],[-3.555,48.294],[-3.518,48.282],[-3.522,48.255],[-3.558,48.229],[-3.52,48.192],[-3.696,48.152],[-3.716,48.142],[-3.731,48.096],[-3.695,48.093],[-3.698,48.062],[-3.674,48.053],[-3.64,47.985],[-3.555,47.993],[-3.497,47.977],[-3.477,47.949],[-3.403,47.966],[-3.388,47.929],[-3.409,47.91],[-3.403,47.87],[-3.449,47.862],[-3.458,47.837],[-3.488,47.824],[-3.523,47.849],[-3.54,47.836],[-3.521,47.799],[-3.539,47.763],[-3.681,47.777],[-3.722,47.804],[-3.846,47.792],[-3.902,47.836],[-3.895,47.851],[-3.912,47.87],[-3.952,47.895],[-3.99,47.883],[-3.977,47.854],[-4.042,47.846],[-4.097,47.862],[-4.144,47.911],[-4.11,47.936],[-4.102,47.972],[-4.111,47.936],[-4.149,47.912],[-4.113,47.864],[-4.164,47.849],[-4.175,47.876],[-4.196,47.876],[-4.178,47.834],[-4.159,47.832],[-4.175,47.808],[-4.217,47.793],[-4.362,47.796],[-4.379,47.822],[-4.346,47.839],[-4.363,47.889],[-4.425,47.964],[-4.537,48.012],[-4.565,48.0],[-4.633,48.029],[-4.732,48.041],[-4.712,48.042],[-4.716,48.062],[-4.668,48.07],[-4.374,48.11],[-4.307,48.089],[-4.284,48.108],[-4.273,48.154],[-4.293,48.157],[-4.301,48.191],[-4.448,48.236],[-4.502,48.23],[-4.497,48.217],[-4.554,48.168],[-4.564,48.232],[-4.544,48.249],[-4.62,48.264],[-4.619,48.278],[-4.567,48.286],[-4.579,48.318],[-4.555,48.338],[-4.532,48.339],[-4.556,48.3],[-4.536,48.284],[-4.508,48.311],[-4.503,48.281],[-4.424,48.292],[-4.384,48.275],[-4.272,48.296],[-4.285,48.276],[-4.246,48.251],[-4.187,48.247],[-4.279,48.278],[-4.193,48.298],[-4.331,48.315],[-4.278,48.345],[-4.298,48.356],[-4.302,48.344],[-4.366,48.345],[-4.375,48.326],[-4.447,48.326],[-4.429,48.366],[-4.288,48.436],[-4.403,48.39],[-4.433,48.397],[-4.435,48.383],[-4.482,48.383],[-4.609,48.338],[-4.681,48.356],[-4.708,48.332],[-4.772,48.329],[-4.781,48.358],[-4.761,48.373],[-4.793,48.416],[-4.759,48.47],[-4.777,48.503],[-4.731,48.556],[-4.631,48.578],[-4.592,48.557],[-4.58,48.562],[-4.609,48.575],[-4.598,48.608],[-4.591,48.594],[-4.546,48.598],[-4.569,48.611],[-4.561,48.624],[-4.415,48.638],[-4.427,48.652],[-4.351,48.676],[-4.295,48.66],[-4.316,48.64],[-4.299,48.633],[-4.273,48.65],[-4.195,48.652],[-4.22,48.656],[-4.187,48.686],[-4.071,48.685],[-4.035,48.714],[-4.001,48.712],[-3.983,48.726],[-3.967,48.72],[-3.976,48.699],[-3.949,48.653],[-3.921,48.675],[-3.891,48.671],[-3.906,48.661],[-3.898,48.646],[-3.857,48.621],[-3.846,48.627],[-3.864,48.67],[-3.847,48.673],[-3.848,48.696],[-3.832,48.712],[-3.821,48.701],[-3.819,48.715],[-3.645,48.691],[-3.659,48.659]]]]},"properties":{"code":"29","nom":"Finistère"}},{"type":"Feature","geometry":{"type":"Polygon","coordinates":[[[3.374,44.171],[3.431,44.148],[3.44,44.129],[3.546,44.114],[3.633,44.123],[3.653,44.146],[3.628,44.155],[3.65,44.181],[3.679,44.183],[3.797,44.127],[3.878,44.133],[3.927,44.161],[3.922,44.18],[3.974,44.165],[3.96,44.191],[3.937,44.196],[3.946,44.24],[3.975,44.26],[3.936,44.275],[3.923,44.305],[3.952,44.328],[3.886,44.388],[3.951,44.402],[3.998,44.46],[4.038,44.446],[4.035,44.42],[4.068,44.405],[4.042,44.395],[4.056,44.366],[4.037,44.331],[4.051,44.317],[4.127,44.338],[4.143,44.313],[4.178,44.318],[4.187,44.3],[4.259,44.265],[4.289,44.293],[4.288,44.315],[4.336,44.34],[4.394,44.345],[4.393,44.294],[4.441,44.284],[4.458,44.342],[4.504,44.34],[4.559,44.302],[4.638,44.283],[4.675,44.239],[4.673,44.217],[4.702,44.216],[4.722,44.187],[4.707,44.114],[4.72,44.087],[4.761,44.086],[4.846,43.997],[4.816,43.989],[4.815,43.968],[4.779,43.938],[4.642,43.867],[4.666,43.845],[4.642,43.831],[4.651,43.782],[4.614,43.73],[4.628,43.691],[4.54,43.707],[4.487,43.699],[4.427,43.621],[4.475,43.608],[4.461,43.589],[4.426,43.585],[4.404,43.574],[4.409,43.561],[4.334,43.535],[4.31,43.543],[4.32,43.525],[4.238,43.498],[4.23,43.46],[4.138,43.482],[4.117,43.509],[4.139,43.532],[4.101,43.554],[4.099,43.585],[4.15,43.586],[4.191,43.639],[4.145,43.734],[4.114,43.738],[4.024,43.803],[3.961,43.806],[3.979,43.843],[3.922,43.858],[3.917,43.886],[3.831,43.866],[3.806,43.878],[3.8,43.891],[3.827,43.936],[3.796,43.943],[3.787,43.967],[3.707,43.961],[3.682,43.947],[3.672,43.912],[3.647,43.915],[3.646,43.901],[3.624,43.917],[3.575,43.866],[3.599,43.855],[3.578,43.844],[3.531,43.856],[3.513,43.896],[3.435,43.863],[3.424,43.873],[3.44,43.897],[3.424,43.912],[3.358,43.914],[3.356,43.946],[3.405,43.97],[3.451,44.021],[3.39,44.053],[3.352,44.05],[3.329,44.079],[3.291,44.072],[3.263,44.094],[3.321,44.109],[3.336,44.159],[3.374,44.171]]]},"properties":{"code":"30","nom":"Gard"}},{"type":"Feature","geometry":{"type":"Polygon","coordinates":[[[-1.026,45.575],[-0.841,45.435],[-0.774,45.369],[-0.753,45.322],[-0.594,45.321],[-0.587,45.343],[-0.569,45.332],[-0.568,45.298],[-0.471,45.292],[-0.419,45.273],[-0.424,45.248],[-0.405,45.24],[-0.418,45.204],[-0.383,45.143],[-0.364,45.17],[-0.342,45.168],[-0.313,45.138],[-0.308,45.15],[-0.275,45.141],[-0.246,45.108],[-0.153,45.089],[-0.088,45.121],[-0.048,45.098],[-0.004,45.12],[0.046,45.113],[0.073,45.07],[0.044,45.033],[0.033,44.981],[0.009,44.963],[0.034,44.915],[-0.034,44.852],[0.021,44.85],[0.039,44.827],[0.076,44.82],[0.098,44.833],[0.113,44.819],[0.193,44.821],[0.244,44.872],[0.315,44.845],[0.264,44.826],[0.274,44.783],[0.297,44.762],[0.256,44.75],[0.226,44.764],[0.217,44.724],[0.202,44.722],[0.185,44.749],[0.141,44.737],[0.133,44.705],[0.101,44.701],[0.142,44.666],[0.183,44.661],[0.165,44.633],[0.137,44.636],[0.151,44.609],[0.082,44.584],[0.071,44.549],[-0.001,44.548],[0.016,44.529],[-0.015,44.505],[-0.013,44.461],[0.008,44.447],[-0.011,44.419],[0.024,44.377],[-0.079,44.354],[-0.086,44.338],[-0.035,44.297],[-0.036,44.271],[-0.067,44.247],[-0.141,44.226],[-0.194,44.269],[-0.226,44.265],[-0.223,44.206],[-0.272,44.194],[-0.39,44.209],[-0.383,44.286],[-0.431,44.303],[-0.432,44.323],[-0.518,44.339],[-0.528,44.365],[-0.628,44.398],[-0.641,44.449],[-0.676,44.457],[-0.682,44.444],[-0.73,44.448],[-0.817,44.42],[-0.919,44.443],[-1.029,44.423],[-0.981,44.483],[-0.988,44.508],[-1.027,44.507],[-1.085,44.532],[-1.106,44.503],[-1.254,44.468],[-1.259,44.547],[-1.212,44.6],[-1.192,44.661],[-1.081,44.641],[-1.005,44.648],[-1.023,44.675],[-1.058,44.689],[-1.036,44.694],[-1.161,44.775],[-1.223,44.71],[-1.252,44.618],[-1.262,44.648],[-1.162,45.298],[-1.155,45.48],[-1.091,45.562],[-1.026,45.575]]]},"properties":{"code":"33","nom":"Gironde"}},{"type":"Feature","geometry":{"type":"Polygon","coordinates":[[[1.327,47.186],[1.448,47.238],[1.534,47.221],[1.526,47.253],[1.591,47.257],[1.592,47.277],[1.65,47.273],[1.666,47.258],[1.716,47.277],[1.776,47.231],[1.796,47.238],[1.839,47.219],[1.842,47.178],[1.775,47.131],[1.794,47.121],[1.883,47.102],[1.997,47.127],[2.003,47.094],[2.053,47.104],[2.056,47.072],[2.033,47.043],[2.109,46.997],[2.07,46.954],[2.071,46.934],[2.155,46.912],[2.126,46.88],[2.087,46.868],[2.096,46.855],[2.078,46.839],[2.048,46.836],[2.117,46.78],[2.066,46.742],[2.093,46.724],[2.087,46.713],[2.155,46.692],[2.137,46.677],[2.143,46.664],[2.189,46.642],[2.186,46.603],[2.167,46.589],[2.173,46.566],[2.159,46.557],[2.204,46.484],[2.152,46.458],[2.168,46.424],[2.089,46.409],[1.909,46.443],[1.838,46.427],[1.798,46.455],[1.748,46.45],[1.757,46.424],[1.728,46.389],[1.684,46.418],[1.629,46.388],[1.609,46.423],[1.546,46.393],[1.544,46.417],[1.522,46.427],[1.415,46.347],[1.344,46.402],[1.303,46.371],[1.216,46.368],[1.205,46.388],[1.177,46.384],[1.213,46.432],[1.183,46.429],[1.186,46.441],[1.152,46.449],[1.136,46.471],[1.153,46.473],[1.135,46.495],[1.146,46.506],[1.088,46.538],[1.021,46.537],[1.015,46.568],[0.916,46.597],[0.894,46.626],[0.917,46.65],[0.902,46.679],[0.925,46.7],[0.901,46.736],[0.867,46.748],[0.925,46.757],[0.956,46.737],[0.989,46.762],[1.012,46.758],[0.987,46.805],[1.019,46.849],[1.038,46.941],[1.064,46.957],[1.056,46.996],[1.085,47.021],[1.161,47.04],[1.232,47.014],[1.258,47.026],[1.294,47.072],[1.313,47.074],[1.319,47.105],[1.345,47.102],[1.365,47.122],[1.327,47.186]]]},"properties":{"code":"36","nom":"Indre"}},{"type":"Feature","geometry":{"type":"Polygon","coordinates":[[[5.624,45.613],[5.67,45.563],[5.672,45.537],[5.736,45.473],[5.74,45.437],[5.798,45.437],[5.91,45.39],[5.928,45.415],[5.902,45.418],[5.925,45.465],[5.916,45.477],[5.966,45.492],[6.05,45.438],[6.121,45.439],[6.177,45.393],[6.192,45.369],[6.18,45.355],[6.195,45.352],[6.184,45.318],[6.132,45.288],[6.139,45.256],[6.126,45.244],[6.138,45.213],[6.159,45.202],[6.144,45.155],[6.189,45.164],[6.265,45.14],[6.229,45.109],[6.24,45.068],[6.22,45.065],[6.204,45.012],[6.252,44.997],[6.318,45.004],[6.323,44.953],[6.359,44.941],[6.355,44.855],[6.336,44.848],[6.288,44.874],[6.251,44.853],[6.136,44.864],[6.056,44.816],[6.03,44.838],[5.95,44.805],[5.98,44.781],[5.952,44.762],[5.879,44.747],[5.827,44.76],[5.809,44.712],[5.785,44.701],[5.759,44.696],[5.705,44.728],[5.647,44.724],[5.627,44.752],[5.55,44.795],[5.556,44.771],[5.464,44.792],[5.484,44.823],[5.464,44.826],[5.489,44.99],[5.465,45.046],[5.483,45.084],[5.459,45.084],[5.388,45.036],[5.343,45.06],[5.248,45.061],[5.208,45.084],[5.179,45.083],[5.163,45.066],[5.143,45.081],[5.187,45.121],[5.192,45.155],[5.167,45.21],[5.202,45.217],[5.177,45.248],[5.121,45.248],[5.139,45.296],[5.075,45.282],[5.054,45.319],[5.021,45.319],[5.01,45.342],[4.989,45.344],[4.88,45.297],[4.859,45.309],[4.8,45.298],[4.761,45.327],[4.773,45.355],[4.744,45.409],[4.757,45.456],[4.779,45.455],[4.782,45.472],[4.873,45.531],[4.777,45.587],[4.858,45.58],[4.901,45.606],[4.998,45.603],[4.989,45.619],[5.005,45.623],[5.038,45.615],[5.035,45.637],[5.054,45.66],[5.108,45.688],[5.105,45.7],[5.159,45.715],[5.095,45.739],[5.093,45.766],[5.07,45.765],[5.06,45.783],[5.089,45.784],[5.101,45.813],[5.16,45.802],[5.192,45.772],[5.221,45.768],[5.267,45.789],[5.302,45.848],[5.354,45.883],[5.413,45.852],[5.435,45.831],[5.423,45.807],[5.527,45.716],[5.571,45.697],[5.57,45.684],[5.546,45.697],[5.554,45.672],[5.587,45.665],[5.624,45.613]]]},"properties":{"code":"38","nom":"Isère"}},{"type":"Feature","geometry":{"type":"Polygon","coordinates":[[[4.048,49.406],[4.176,49.402],[4.201,49.384],[4.248,49.382],[4.307,49.328],[4.376,49.324],[4.393,49.297],[4.447,49.273],[4.576,49.297],[4.6,49.289],[4.595,49.271],[4.636,49.232],[4.686,49.257],[4.744,49.241],[4.815,49.25],[4.868,49.229],[4.881,49.262],[4.915,49.265],[4.971,49.236],[4.993,49.21],[4.94,49.185],[4.992,49.115],[5.006,49.059],[4.969,49.025],[5.008,49.035],[5.036,49.024],[5.033,48.994],[4.995,48.983],[5.038,48.973],[5.013,48.937],[4.95,48.931],[4.916,48.9],[4.913,48.872],[4.936,48.841],[4.889,48.817],[4.889,48.801],[4.935,48.79],[4.982,48.745],[5.009,48.741],[5.006,48.699],[4.938,48.675],[4.911,48.689],[4.868,48.667],[4.817,48.68],[4.782,48.669],[4.772,48.652],[4.842,48.65],[4.857,48.615],[4.769,48.589],[4.776,48.566],[4.796,48.568],[4.783,48.553],[4.799,48.53],[4.724,48.541],[4.67,48.532],[4.635,48.544],[4.643,48.554],[4.614,48.554],[4.559,48.543],[4.545,48.525],[4.513,48.546],[4.403,48.561],[4.316,48.616],[4.332,48.63],[4.321,48.647],[4.334,48.677],[4.326,48.7],[4.295,48.713],[4.166,48.707],[4.131,48.686],[4.08,48.701],[4.056,48.667],[3.986,48.655],[3.949,48.603],[3.908,48.602],[3.9,48.575],[3.854,48.577],[3.861,48.534],[3.823,48.516],[3.731,48.537],[3.644,48.536],[3.628,48.576],[3.583,48.585],[3.58,48.605],[3.517,48.643],[3.453,48.634],[3.46,48.653],[3.441,48.663],[3.477,48.699],[3.464,48.707],[3.467,48.735],[3.399,48.756],[3.409,48.784],[3.442,48.784],[3.441,48.801],[3.404,48.809],[3.487,48.815],[3.482,48.865],[3.529,48.912],[3.57,48.915],[3.574,48.939],[3.602,48.944],[3.592,48.96],[3.621,48.966],[3.64,49.004],[3.675,49.012],[3.664,49.037],[3.587,49.036],[3.588,49.059],[3.639,49.081],[3.6,49.121],[3.622,49.151],[3.702,49.143],[3.749,49.157],[3.751,49.178],[3.704,49.181],[3.697,49.205],[3.684,49.198],[3.652,49.221],[3.676,49.238],[3.655,49.263],[3.657,49.291],[3.638,49.301],[3.647,49.315],[3.802,49.359],[3.852,49.345],[3.859,49.381],[3.924,49.406],[3.961,49.377],[4.035,49.36],[4.048,49.406]]]},"properties":{"code":"51","nom":"Marne"}},{"type":"Feature","geometry":{"type":"Polygon","coordinates":[[[4.67,48.532],[4.724,48.541],[4.799,48.53],[4.783,48.553],[4.796,48.568],[4.776,48.566],[4.769,48.589],[4.857,48.615],[4.842,48.65],[4.772,48.652],[4.782,48.669],[4.817,48.68],[4.868,48.667],[4.911,48.689],[4.938,48.675],[4.953,48.687],[5.003,48.683],[4.999,48.615],[5.058,48.63],[5.071,48.596],[5.118,48.596],[5.146,48.562],[5.165,48.565],[5.212,48.529],[5.329,48.507],[5.349,48.482],[5.401,48.47],[5.408,48.446],[5.47,48.421],[5.394,48.391],[5.442,48.38],[5.419,48.361],[5.426,48.331],[5.482,48.356],[5.526,48.347],[5.588,48.274],[5.612,48.292],[5.654,48.269],[5.641,48.242],[5.711,48.22],[5.731,48.19],[5.682,48.176],[5.684,48.145],[5.657,48.12],[5.672,48.11],[5.631,48.084],[5.648,48.072],[5.661,48.072],[5.653,48.084],[5.697,48.077],[5.727,48.046],[5.778,48.031],[5.794,47.992],[5.778,47.978],[5.787,47.953],[5.832,47.958],[5.843,47.976],[5.891,47.911],[5.848,47.904],[5.821,47.868],[5.828,47.852],[5.761,47.859],[5.744,47.849],[5.746,47.824],[5.69,47.819],[5.677,47.779],[5.705,47.769],[5.709,47.745],[5.685,47.722],[5.69,47.685],[5.597,47.672],[5.567,47.705],[5.53,47.673],[5.483,47.685],[5.406,47.673],[5.406,47.648],[5.355,47.591],[5.322,47.612],[5.253,47.577],[5.24,47.596],[5.259,47.622],[5.239,47.616],[5.174,47.653],[5.179,47.679],[5.109,47.65],[5.044,47.677],[5.061,47.695],[5.033,47.692],[5.026,47.709],[4.979,47.688],[4.954,47.701],[4.971,47.728],[4.959,47.762],[4.931,47.761],[4.918,47.777],[4.982,47.8],[4.994,47.82],[4.968,47.832],[4.954,47.867],[4.928,47.871],[4.902,47.921],[4.869,47.917],[4.857,47.896],[4.834,47.907],[4.866,47.941],[4.852,47.956],[4.787,47.964],[4.809,47.99],[4.789,48.008],[4.72,48.009],[4.704,48.02],[4.723,48.046],[4.663,48.077],[4.704,48.089],[4.731,48.118],[4.836,48.109],[4.829,48.13],[4.85,48.142],[4.835,48.162],[4.863,48.202],[4.835,48.221],[4.854,48.229],[4.851,48.296],[4.814,48.323],[4.841,48.34],[4.755,48.367],[4.76,48.388],[4.716,48.395],[4.67,48.446],[4.627,48.468],[4.653,48.471],[4.67,48.532]]]},"properties":{"code":"52","nom":"Haute-Marne"}},{"type":"Feature","geometry":{"type":"Polygon","coordinates":[[[7.635,49.054],[7.578,48.957],[7.538,48.933],[7.447,48.966],[7.327,48.943],[7.291,48.957],[7.293,48.973],[7.131,49.005],[7.102,49.064],[7.111,49.072],[7.068,49.067],[7.079,49.05],[7.031,48.986],[7.032,48.956],[6.989,48.96],[6.979,48.933],[6.944,48.935],[6.965,48.905],[6.955,48.894],[7.027,48.88],[7.05,48.859],[7.096,48.862],[7.087,48.848],[7.051,48.846],[7.047,48.821],[7.089,48.807],[7.067,48.799],[7.078,48.786],[7.127,48.801],[7.149,48.845],[7.185,48.85],[7.188,48.834],[7.229,48.828],[7.312,48.767],[7.26,48.694],[7.242,48.692],[7.265,48.663],[7.304,48.66],[7.273,48.633],[7.263,48.59],[7.168,48.528],[7.092,48.529],[6.995,48.596],[7.017,48.604],[7.009,48.612],[6.961,48.608],[6.934,48.633],[6.864,48.62],[6.826,48.645],[6.782,48.643],[6.755,48.669],[6.726,48.664],[6.688,48.684],[6.667,48.671],[6.676,48.689],[6.658,48.708],[6.599,48.716],[6.554,48.754],[6.454,48.766],[6.434,48.789],[6.394,48.775],[6.355,48.782],[6.349,48.808],[6.31,48.821],[6.339,48.834],[6.285,48.849],[6.312,48.864],[6.298,48.881],[6.327,48.905],[6.272,48.933],[6.132,48.935],[6.117,48.968],[6.043,48.977],[6.045,49.01],[6.017,49.035],[5.96,49.047],[5.925,49.092],[5.932,49.109],[6.005,49.114],[5.981,49.144],[6.026,49.165],[5.982,49.196],[6.029,49.23],[6.027,49.253],[6.007,49.26],[6.006,49.308],[5.985,49.305],[5.944,49.335],[5.961,49.348],[5.956,49.362],[5.929,49.376],[5.93,49.402],[5.912,49.408],[5.942,49.43],[5.937,49.478],[5.893,49.497],[5.972,49.491],[5.979,49.461],[6.028,49.448],[6.056,49.465],[6.101,49.453],[6.128,49.493],[6.181,49.508],[6.256,49.51],[6.297,49.48],[6.364,49.459],[6.43,49.476],[6.47,49.463],[6.552,49.423],[6.541,49.401],[6.587,49.385],[6.584,49.369],[6.602,49.367],[6.566,49.347],[6.669,49.281],[6.66,49.261],[6.691,49.248],[6.695,49.216],[6.72,49.221],[6.731,49.206],[6.711,49.189],[6.739,49.164],[6.785,49.168],[6.835,49.151],[6.861,49.179],[6.835,49.211],[6.935,49.222],[6.959,49.203],[7.034,49.19],[7.028,49.17],[7.05,49.115],[7.089,49.13],[7.08,49.149],[7.098,49.155],[7.113,49.152],[7.105,49.139],[7.157,49.121],[7.184,49.131],[7.201,49.117],[7.248,49.128],[7.299,49.117],[7.33,49.145],[7.363,49.145],[7.365,49.172],[7.445,49.184],[7.441,49.17],[7.491,49.17],[7.506,49.154],[7.492,49.142],[7.539,49.092],[7.6,49.083],[7.635,49.054]]]},"properties":{"code":"57","nom":"Moselle"}},{"type":"Feature","geometry":{"type":"MultiPolygon","coordinates":[[[[-0.103,43.243],[-0.122,43.244],[-0.141,43.272],[-0.112,43.31],[-0.079,43.272],[-0.103,43.243]]],[[[-0.102,43.359],[-0.107,43.371],[-0.091,43.373],[-0.065,43.355],[-0.075,43.307],[-0.111,43.316],[-0.108,43.338],[-0.087,43.337],[-0.09,43.359],[-0.102,43.359]]],[[[-0.097,43.582],[-0.074,43.606],[-0.016,43.605],[0.016,43.543],[0.056,43.519],[0.112,43.517],[0.131,43.474],[0.166,43.443],[0.132,43.424],[0.154,43.399],[0.174,43.403],[0.182,43.371],[0.233,43.368],[0.299,43.388],[0.301,43.372],[0.328,43.371],[0.332,43.343],[0.388,43.356],[0.414,43.329],[0.443,43.328],[0.445,43.34],[0.547,43.329],[0.636,43.3],[0.552,43.236],[0.573,43.233],[0.571,43.218],[0.517,43.212],[0.506,43.2],[0.522,43.192],[0.442,43.131],[0.464,43.118],[0.453,43.111],[0.489,43.115],[0.503,43.096],[0.564,43.074],[0.563,43.036],[0.538,43.042],[0.531,43.003],[0.608,43.034],[0.627,43.0],[0.619,42.972],[0.646,42.962],[0.606,42.934],[0.576,42.871],[0.537,42.863],[0.477,42.878],[0.46,42.852],[0.455,42.728],[0.485,42.71],[0.478,42.7],[0.429,42.691],[0.36,42.723],[0.293,42.675],[0.26,42.716],[0.176,42.736],[0.111,42.71],[0.016,42.702],[0.002,42.686],[-0.06,42.693],[-0.069,42.718],[-0.111,42.725],[-0.16,42.797],[-0.178,42.785],[-0.214,42.796],[-0.313,42.849],[-0.327,42.916],[-0.282,42.934],[-0.288,43.005],[-0.265,43.01],[-0.26,43.038],[-0.224,43.034],[-0.19,43.052],[-0.191,43.111],[-0.146,43.128],[-0.118,43.18],[-0.104,43.167],[-0.068,43.177],[-0.073,43.224],[-0.049,43.217],[-0.017,43.27],[-0.046,43.301],[-0.025,43.329],[0.01,43.325],[0.026,43.341],[-0.005,43.374],[0.01,43.422],[-0.001,43.444],[-0.043,43.41],[-0.066,43.412],[-0.054,43.419],[-0.066,43.463],[-0.018,43.472],[-0.049,43.492],[-0.04,43.513],[-0.064,43.545],[-0.095,43.548],[-0.097,43.582]]]]},"properties":{"code":"65","nom":"Hautes-Pyrénées"}},{"type":"Feature","geometry":{"type":"Polygon","coordinates":[[[2.166,42.664],[2.192,42.652],[2.265,42.706],[2.322,42.708],[2.355,42.727],[2.344,42.801],[2.319,42.824],[2.327,42.837],[2.509,42.85],[2.725,42.834],[2.789,42.896],[2.865,42.918],[3.044,42.838],[3.035,42.66],[3.05,42.55],[3.134,42.513],[3.13,42.485],[3.153,42.478],[3.175,42.439],[3.085,42.426],[3.041,42.473],[2.969,42.466],[2.947,42.482],[2.924,42.458],[2.841,42.459],[2.777,42.412],[2.753,42.425],[2.675,42.405],[2.671,42.388],[2.656,42.388],[2.672,42.341],[2.578,42.358],[2.526,42.334],[2.483,42.34],[2.429,42.394],[2.258,42.438],[2.201,42.416],[2.156,42.423],[2.084,42.363],[2.017,42.349],[1.972,42.374],[1.935,42.454],[1.885,42.449],[1.835,42.482],[1.726,42.504],[1.75,42.564],[1.874,42.581],[1.9,42.615],[1.936,42.605],[1.972,42.617],[2.001,42.662],[2.166,42.664]],[[1.957,42.462],[2.013,42.448],[1.979,42.495],[1.957,42.462]]]},"properties":{"code":"66","nom":"Pyrénées-Orientales"}},{"type":"Feature","geometry":{"type":"Polygon","coordinates":[[[6.803,45.778],[6.811,45.731],[6.848,45.689],[6.903,45.681],[6.917,45.651],[7.001,45.64],[6.978,45.59],[6.995,45.576],[7.0,45.504],[7.052,45.496],[7.054,45.472],[7.1,45.469],[7.114,45.434],[7.184,45.407],[7.135,45.331],[7.111,45.327],[7.138,45.256],[7.067,45.21],[7.043,45.225],[6.969,45.208],[6.943,45.171],[6.892,45.167],[6.894,45.137],[6.85,45.127],[6.768,45.16],[6.739,45.137],[6.68,45.14],[6.63,45.109],[6.577,45.123],[6.557,45.104],[6.51,45.109],[6.481,45.094],[6.486,45.056],[6.365,45.071],[6.363,45.104],[6.334,45.123],[6.286,45.11],[6.249,45.15],[6.228,45.143],[6.189,45.164],[6.144,45.155],[6.162,45.188],[6.127,45.233],[6.132,45.288],[6.184,45.318],[6.195,45.352],[6.18,45.355],[6.192,45.369],[6.177,45.393],[6.132,45.433],[6.05,45.438],[5.966,45.492],[5.916,45.477],[5.925,45.465],[5.902,45.418],[5.928,45.415],[5.91,45.39],[5.798,45.437],[5.74,45.437],[5.736,45.473],[5.623,45.604],[5.689,45.649],[5.687,45.668],[5.708,45.683],[5.704,45.711],[5.749,45.705],[5.776,45.729],[5.787,45.823],[5.831,45.938],[5.862,45.932],[5.873,45.838],[5.913,45.804],[5.963,45.812],[5.958,45.795],[5.981,45.796],[5.98,45.769],[6.043,45.739],[6.103,45.745],[6.103,45.763],[6.166,45.756],[6.196,45.732],[6.194,45.694],[6.214,45.709],[6.232,45.703],[6.232,45.682],[6.331,45.696],[6.37,45.753],[6.369,45.773],[6.424,45.802],[6.451,45.861],[6.509,45.909],[6.573,45.878],[6.568,45.863],[6.536,45.862],[6.566,45.816],[6.602,45.795],[6.661,45.799],[6.689,45.771],[6.69,45.727],[6.712,45.723],[6.756,45.766],[6.803,45.778]]]},"properties":{"code":"73","nom":"Savoie"}},{"type":"Feature","geometry":{"type":"Polygon","coordinates":[[[6.803,45.778],[6.756,45.766],[6.712,45.723],[6.69,45.727],[6.689,45.771],[6.661,45.799],[6.602,45.795],[6.566,45.816],[6.536,45.862],[6.568,45.863],[6.573,45.878],[6.509,45.909],[6.451,45.861],[6.424,45.802],[6.369,45.773],[6.37,45.753],[6.331,45.696],[6.232,45.682],[6.232,45.703],[6.214,45.709],[6.194,45.694],[6.196,45.732],[6.143,45.762],[6.128,45.752],[6.103,45.763],[6.103,45.745],[6.076,45.741],[6.003,45.75],[5.974,45.775],[5.981,45.796],[5.958,45.795],[5.963,45.812],[5.913,45.804],[5.873,45.838],[5.862,45.932],[5.834,45.935],[5.834,45.972],[5.81,45.99],[5.811,46.078],[5.832,46.106],[5.856,46.087],[5.891,46.088],[5.885,46.108],[5.922,46.131],[6.046,46.14],[6.052,46.151],[6.145,46.145],[6.232,46.205],[6.296,46.226],[6.309,46.255],[6.268,46.248],[6.238,46.277],[6.28,46.351],[6.315,46.369],[6.345,46.37],[6.39,46.34],[6.509,46.404],[6.723,46.408],[6.805,46.394],[6.771,46.355],[6.865,46.283],[6.804,46.204],[6.799,46.136],[6.898,46.123],[6.873,46.052],[6.888,46.043],[6.937,46.065],[7.018,45.984],[7.009,45.97],[7.038,45.954],[7.044,45.922],[7.003,45.898],[6.992,45.868],[6.94,45.847],[6.882,45.85],[6.87,45.826],[6.818,45.835],[6.803,45.778]]]},"properties":{"code":"74","nom":"Haute-Savoie"}},{"type":"Feature","geometry":{"type":"Polygon","coordinates":[[[2.572,48.692],[2.569,48.707],[2.595,48.732],[2.586,48.741],[2.614,48.761],[2.586,48.779],[2.6,48.795],[2.574,48.853],[2.587,48.865],[2.568,48.866],[2.559,48.885],[2.584,48.895],[2.603,48.929],[2.563,48.978],[2.58,48.992],[2.566,49.012],[2.535,49.024],[2.588,49.047],[2.572,49.06],[2.591,49.08],[2.633,49.108],[2.691,49.067],[2.72,49.075],[2.735,49.06],[2.787,49.075],[2.809,49.098],[2.856,49.07],[2.97,49.089],[2.988,49.072],[3.009,49.092],[3.048,49.086],[3.072,49.118],[3.165,49.1],[3.159,49.08],[3.19,49.046],[3.161,49.024],[3.252,48.972],[3.268,48.938],[3.305,48.949],[3.33,48.909],[3.372,48.922],[3.38,48.875],[3.452,48.856],[3.445,48.843],[3.462,48.838],[3.485,48.852],[3.487,48.815],[3.404,48.809],[3.441,48.801],[3.442,48.784],[3.409,48.784],[3.399,48.756],[3.467,48.735],[3.464,48.707],[3.477,48.699],[3.441,48.663],[3.46,48.653],[3.453,48.634],[3.503,48.646],[3.556,48.62],[3.504,48.605],[3.516,48.59],[3.466,48.57],[3.48,48.545],[3.459,48.531],[3.405,48.528],[3.435,48.49],[3.388,48.48],[3.406,48.452],[3.392,48.424],[3.422,48.413],[3.415,48.39],[3.383,48.4],[3.367,48.394],[3.365,48.372],[3.282,48.378],[3.254,48.365],[3.14,48.373],[3.103,48.35],[3.05,48.36],[3.016,48.308],[3.048,48.25],[3.031,48.249],[3.005,48.208],[2.935,48.179],[2.936,48.163],[2.868,48.156],[2.821,48.13],[2.801,48.133],[2.81,48.161],[2.799,48.168],[2.746,48.164],[2.755,48.146],[2.707,48.125],[2.538,48.141],[2.451,48.123],[2.444,48.131],[2.483,48.165],[2.517,48.167],[2.523,48.201],[2.506,48.239],[2.424,48.26],[2.421,48.299],[2.393,48.336],[2.426,48.337],[2.43,48.362],[2.483,48.396],[2.535,48.404],[2.505,48.439],[2.502,48.485],[2.515,48.504],[2.501,48.546],[2.544,48.604],[2.518,48.627],[2.542,48.635],[2.534,48.657],[2.545,48.671],[2.585,48.679],[2.572,48.692]]]},"properties":{"code":"77","nom":"Seine-et-Marne"}},{"type":"Feature","geometry":{"type":"MultiPolygon","coordinates":[[[[4.888,44.332],[4.875,44.351],[4.907,44.374],[4.919,44.408],[4.97,44.431],[5.019,44.416],[5.016,44.393],[5.071,44.383],[5.027,44.363],[4.987,44.293],[4.89,44.304],[4.888,44.332]]],[[[5.499,44.116],[5.503,44.063],[5.545,44.07],[5.512,43.946],[5.568,43.943],[5.582,43.915],[5.607,43.914],[5.55,43.851],[5.545,43.818],[5.654,43.825],[5.757,43.729],[5.717,43.694],[5.674,43.694],[5.607,43.659],[5.531,43.659],[5.308,43.738],[5.23,43.748],[5.188,43.735],[5.051,43.788],[5.03,43.828],[4.966,43.872],[4.853,43.911],[4.739,43.924],[4.808,43.96],[4.816,43.989],[4.842,43.986],[4.843,44.01],[4.821,44.016],[4.761,44.086],[4.73,44.079],[4.707,44.104],[4.722,44.187],[4.702,44.216],[4.673,44.217],[4.675,44.239],[4.649,44.27],[4.651,44.33],[4.783,44.316],[4.827,44.228],[4.874,44.259],[4.935,44.264],[5.061,44.308],[5.077,44.284],[5.108,44.28],[5.166,44.315],[5.147,44.27],[5.155,44.231],[5.238,44.213],[5.24,44.231],[5.257,44.23],[5.304,44.206],[5.354,44.213],[5.385,44.201],[5.383,44.155],[5.436,44.152],[5.455,44.119],[5.499,44.116]]]]},"properties":{"code":"84","nom":"Vaucluse"}},{"type":"Feature","geometry":{"type":"Polygon","coordinates":[[[-0.102,47.065],[-0.086,47.101],[-0.036,47.086],[-0.034,47.127],[0.019,47.176],[0.078,47.146],[0.085,47.118],[0.124,47.128],[0.161,47.101],[0.181,47.114],[0.201,47.091],[0.174,47.071],[0.18,47.059],[0.262,47.07],[0.268,47.044],[0.307,47.049],[0.301,46.974],[0.325,46.931],[0.367,46.95],[0.439,46.93],[0.506,46.959],[0.598,46.957],[0.601,46.973],[0.567,47.002],[0.591,47.007],[0.693,46.974],[0.704,46.903],[0.769,46.851],[0.796,46.849],[0.787,46.84],[0.809,46.828],[0.816,46.788],[0.901,46.736],[0.925,46.7],[0.902,46.679],[0.917,46.65],[0.894,46.626],[0.916,46.597],[1.015,46.568],[1.021,46.537],[1.108,46.532],[1.149,46.502],[1.135,46.495],[1.153,46.473],[1.136,46.471],[1.152,46.449],[1.186,46.441],[1.183,46.429],[1.213,46.432],[1.127,46.348],[1.05,46.363],[1.027,46.343],[1.006,46.281],[0.907,46.285],[0.861,46.262],[0.848,46.229],[0.807,46.225],[0.8,46.201],[0.837,46.177],[0.845,46.134],[0.713,46.14],[0.684,46.119],[0.687,46.097],[0.609,46.09],[0.603,46.077],[0.54,46.086],[0.492,46.136],[0.443,46.102],[0.481,46.065],[0.445,46.051],[0.414,46.049],[0.391,46.066],[0.28,46.061],[0.197,46.096],[0.191,46.112],[0.22,46.158],[0.174,46.151],[0.108,46.186],[0.113,46.211],[0.143,46.23],[0.129,46.267],[0.172,46.279],[0.157,46.301],[0.177,46.328],[0.124,46.348],[0.078,46.305],[0.016,46.326],[0.03,46.349],[0.014,46.357],[0.034,46.373],[-0.009,46.391],[-0.015,46.475],[-0.043,46.472],[-0.031,46.525],[-0.007,46.523],[0.007,46.543],[-0.008,46.568],[0.043,46.591],[0.026,46.595],[0.023,46.614],[-0.012,46.619],[0.001,46.643],[-0.066,46.623],[-0.033,46.654],[-0.04,46.664],[-0.007,46.683],[-0.018,46.689],[0.001,46.716],[0.038,46.732],[-0.022,46.769],[-0.022,46.79],[0.008,46.814],[-0.02,46.813],[-0.046,46.832],[-0.008,46.847],[0.017,46.836],[0.034,46.854],[-0.035,46.875],[-0.009,46.907],[-0.046,46.967],[-0.033,46.98],[-0.055,46.995],[-0.086,46.985],[-0.094,47.01],[-0.079,47.01],[-0.102,47.065]]]},"properties":{"code":"86","nom":"Vienne"}},{"type":"Feature","geometry":{"type":"Polygon","coordinates":[[[2.332,48.817],[2.463,48.819],[2.463,48.842],[2.412,48.835],[2.416,48.849],[2.496,48.861],[2.592,48.807],[2.6,48.795],[2.586,48.779],[2.614,48.761],[2.598,48.76],[2.572,48.692],[2.554,48.688],[2.504,48.735],[2.371,48.72],[2.369,48.746],[2.355,48.739],[2.31,48.757],[2.332,48.817]]]},"properties":{"code":"94","nom":"Val-de-Marne"}},{"type":"Feature","geometry":{"type":"Polygon","coordinates":[[[4.78,46.177],[4.853,46.33],[4.851,46.356],[4.94,46.517],[4.949,46.501],[5.011,46.51],[5.052,46.485],[5.167,46.515],[5.201,46.508],[5.215,46.468],[5.311,46.447],[5.319,46.431],[5.308,46.417],[5.377,46.381],[5.363,46.371],[5.404,46.333],[5.405,46.31],[5.428,46.342],[5.438,46.315],[5.467,46.323],[5.457,46.274],[5.473,46.265],[5.542,46.27],[5.642,46.342],[5.653,46.323],[5.715,46.309],[5.725,46.261],[5.87,46.265],[6.064,46.416],[6.17,46.368],[6.103,46.285],[6.124,46.251],[6.102,46.237],[6.033,46.238],[5.972,46.212],[5.964,46.197],[5.995,46.183],[5.956,46.132],[5.894,46.119],[5.891,46.088],[5.824,46.104],[5.808,46.064],[5.81,45.99],[5.834,45.972],[5.835,45.952],[5.787,45.823],[5.782,45.743],[5.749,45.705],[5.704,45.711],[5.708,45.683],[5.687,45.668],[5.689,45.649],[5.632,45.611],[5.587,45.665],[5.554,45.672],[5.546,45.697],[5.57,45.684],[5.571,45.697],[5.527,45.716],[5.423,45.807],[5.435,45.831],[5.354,45.883],[5.302,45.848],[5.267,45.789],[5.221,45.768],[5.126,45.811],[4.924,45.804],[4.901,45.86],[4.909,45.874],[4.884,45.88],[4.881,45.897],[4.848,45.913],[4.81,45.898],[4.806,45.922],[4.729,45.949],[4.755,45.974],[4.74,46.047],[4.762,46.069],[4.75,46.094],[4.802,46.157],[4.78,46.177]]]},"properties":{"code":"01","nom":"Ain"}},{"type":"Feature","geometry":{"type":"Polygon","coordinates":[[[2.982,44.645],[3.076,44.573],[3.069,44.503],[3.136,44.455],[3.142,44.428],[3.127,44.414],[3.141,44.393],[3.12,44.383],[3.121,44.362],[3.134,44.333],[3.152,44.332],[3.154,44.308],[3.125,44.284],[3.124,44.26],[3.154,44.273],[3.164,44.244],[3.23,44.226],[3.207,44.19],[3.295,44.207],[3.358,44.198],[3.374,44.171],[3.336,44.159],[3.321,44.109],[3.263,44.094],[3.291,44.072],[3.329,44.079],[3.352,44.05],[3.39,44.053],[3.451,44.021],[3.405,43.97],[3.356,43.946],[3.358,43.914],[3.343,43.894],[3.275,43.898],[3.243,43.875],[3.234,43.858],[3.249,43.83],[3.151,43.814],[3.06,43.832],[3.049,43.804],[3.076,43.769],[3.053,43.746],[3.069,43.707],[3.061,43.693],[2.985,43.709],[2.935,43.695],[2.921,43.736],[2.824,43.762],[2.743,43.729],[2.681,43.744],[2.564,43.841],[2.58,43.876],[2.55,43.897],[2.555,43.921],[2.499,43.951],[2.523,43.981],[2.494,43.996],[2.46,44.051],[2.41,44.056],[2.389,44.093],[2.291,44.125],[2.298,44.138],[2.285,44.145],[2.187,44.137],[2.238,44.159],[2.207,44.171],[2.192,44.162],[2.157,44.18],[2.152,44.198],[2.106,44.194],[2.097,44.175],[2.094,44.188],[2.052,44.189],[2.059,44.172],[1.99,44.149],[1.977,44.18],[1.942,44.171],[1.89,44.208],[1.932,44.241],[1.96,44.241],[1.97,44.276],[1.869,44.292],[1.881,44.303],[1.86,44.32],[1.911,44.357],[1.874,44.391],[1.843,44.482],[1.885,44.486],[1.89,44.506],[1.91,44.487],[1.913,44.505],[2.057,44.583],[2.135,44.57],[2.168,44.59],[2.194,44.586],[2.22,44.624],[2.208,44.644],[2.229,44.655],[2.327,44.67],[2.349,44.641],[2.483,44.65],[2.499,44.687],[2.556,44.721],[2.563,44.776],[2.599,44.793],[2.603,44.843],[2.738,44.941],[2.776,44.909],[2.773,44.856],[2.802,44.874],[2.86,44.874],[2.89,44.788],[2.92,44.794],[2.935,44.779],[2.917,44.757],[2.934,44.75],[2.923,44.729],[2.939,44.678],[2.982,44.645]]]},"properties":{"code":"12","nom":"Aveyron"}},{"type":"Feature","geometry":{"type":"Polygon","coordinates":[[[4.739,43.924],[4.853,43.911],[4.966,43.872],[5.03,43.828],[5.051,43.788],[5.173,43.739],[5.308,43.738],[5.488,43.668],[5.607,43.659],[5.674,43.694],[5.717,43.694],[5.754,43.725],[5.785,43.714],[5.793,43.693],[5.813,43.689],[5.799,43.661],[5.7,43.642],[5.682,43.614],[5.692,43.584],[5.656,43.577],[5.725,43.551],[5.699,43.482],[5.788,43.42],[5.75,43.402],[5.683,43.399],[5.705,43.356],[5.684,43.318],[5.727,43.317],[5.761,43.267],[5.684,43.236],[5.672,43.179],[5.638,43.189],[5.601,43.163],[5.537,43.214],[5.5,43.197],[5.346,43.212],[5.376,43.255],[5.346,43.282],[5.364,43.312],[5.311,43.361],[5.221,43.328],[5.054,43.324],[5.019,43.343],[5.024,43.356],[4.988,43.392],[5.001,43.398],[4.968,43.426],[4.931,43.433],[4.887,43.413],[4.867,43.432],[4.877,43.411],[4.867,43.405],[4.824,43.424],[4.861,43.401],[4.836,43.398],[4.874,43.361],[4.902,43.371],[4.833,43.33],[4.783,43.347],[4.586,43.36],[4.556,43.383],[4.588,43.401],[4.588,43.423],[4.535,43.452],[4.23,43.46],[4.238,43.498],[4.32,43.525],[4.31,43.543],[4.334,43.535],[4.409,43.561],[4.404,43.574],[4.426,43.585],[4.461,43.589],[4.475,43.608],[4.427,43.621],[4.487,43.699],[4.54,43.707],[4.628,43.691],[4.614,43.73],[4.651,43.782],[4.642,43.831],[4.666,43.845],[4.642,43.867],[4.691,43.884],[4.739,43.924]],[[5.018,43.469],[5.052,43.464],[5.07,43.4],[5.137,43.4],[5.23,43.465],[5.203,43.491],[5.15,43.457],[5.109,43.525],[5.046,43.522],[5.022,43.556],[4.999,43.498],[5.001,43.474],[5.018,43.469]]]},"properties":{"code":"13","nom":"Bouches-du-Rhône"}},{"type":"Feature","geometry":{"type":"Polygon","coordinates":[[[-0.103,45.97],[-0.041,45.993],[-0.046,46.021],[-0.021,46.029],[-0.039,46.053],[0.019,46.053],[0.073,46.094],[0.1,46.093],[0.093,46.101],[0.136,46.104],[0.171,46.083],[0.22,46.094],[0.28,46.061],[0.391,46.066],[0.414,46.049],[0.445,46.051],[0.481,46.065],[0.443,46.102],[0.472,46.13],[0.506,46.132],[0.54,46.086],[0.603,46.077],[0.609,46.09],[0.687,46.097],[0.684,46.119],[0.713,46.14],[0.823,46.129],[0.812,46.125],[0.834,46.098],[0.818,46.048],[0.86,46.018],[0.884,46.032],[0.926,46.01],[0.919,45.997],[0.946,45.974],[0.921,45.938],[0.889,45.926],[0.812,45.931],[0.827,45.883],[0.782,45.821],[0.784,45.792],[0.716,45.806],[0.715,45.763],[0.653,45.74],[0.645,45.718],[0.632,45.721],[0.568,45.651],[0.575,45.641],[0.516,45.634],[0.5,45.617],[0.516,45.6],[0.506,45.554],[0.466,45.54],[0.432,45.486],[0.382,45.486],[0.333,45.459],[0.331,45.444],[0.303,45.459],[0.318,45.437],[0.271,45.42],[0.25,45.373],[0.267,45.298],[0.22,45.29],[0.205,45.264],[0.175,45.26],[0.175,45.239],[0.145,45.214],[0.053,45.227],[0.004,45.192],[0.003,45.229],[-0.044,45.248],[-0.115,45.248],[-0.109,45.289],[-0.227,45.321],[-0.261,45.299],[-0.284,45.31],[-0.278,45.348],[-0.25,45.341],[-0.246,45.354],[-0.31,45.374],[-0.31,45.386],[-0.234,45.409],[-0.267,45.456],[-0.286,45.456],[-0.242,45.503],[-0.267,45.509],[-0.255,45.521],[-0.322,45.535],[-0.297,45.564],[-0.387,45.626],[-0.432,45.625],[-0.409,45.656],[-0.383,45.66],[-0.423,45.686],[-0.42,45.722],[-0.401,45.735],[-0.46,45.739],[-0.462,45.751],[-0.402,45.773],[-0.4,45.787],[-0.321,45.785],[-0.295,45.805],[-0.239,45.803],[-0.222,45.776],[-0.191,45.79],[-0.156,45.78],[-0.136,45.82],[-0.145,45.84],[-0.115,45.871],[-0.147,45.898],[-0.132,45.911],[-0.149,45.925],[-0.097,45.928],[-0.086,45.95],[-0.103,45.97]]]},"properties":{"code":"16","nom":"Charente"}},{"type":"Feature","geometry":{"type":"Polygon","coordinates":[[[2.239,47.621],[2.286,47.629],[2.373,47.586],[2.437,47.61],[2.491,47.568],[2.563,47.572],[2.617,47.541],[2.612,47.526],[2.656,47.51],[2.658,47.488],[2.684,47.483],[2.727,47.499],[2.733,47.538],[2.806,47.494],[2.875,47.52],[2.931,47.431],[2.87,47.338],[2.983,47.26],[2.982,47.222],[3.028,47.129],[3.019,47.071],[3.075,47.03],[3.063,46.981],[3.079,46.955],[3.05,46.911],[3.067,46.848],[3.032,46.795],[2.924,46.795],[2.845,46.743],[2.845,46.727],[2.801,46.734],[2.759,46.718],[2.729,46.748],[2.705,46.739],[2.678,46.705],[2.623,46.689],[2.625,46.657],[2.605,46.668],[2.567,46.652],[2.597,46.637],[2.569,46.61],[2.582,46.593],[2.602,46.595],[2.615,46.553],[2.537,46.52],[2.52,46.531],[2.499,46.521],[2.497,46.534],[2.352,46.512],[2.324,46.49],[2.324,46.471],[2.305,46.475],[2.286,46.454],[2.281,46.42],[2.154,46.434],[2.152,46.458],[2.204,46.484],[2.159,46.557],[2.173,46.566],[2.167,46.589],[2.186,46.603],[2.189,46.642],[2.143,46.664],[2.137,46.677],[2.155,46.692],[2.087,46.713],[2.093,46.724],[2.066,46.742],[2.117,46.78],[2.048,46.836],[2.078,46.839],[2.096,46.855],[2.087,46.868],[2.126,46.88],[2.155,46.912],[2.071,46.934],[2.07,46.954],[2.109,46.997],[2.033,47.043],[2.056,47.072],[2.053,47.104],[2.003,47.094],[1.997,47.127],[1.883,47.102],[1.775,47.131],[1.842,47.178],[1.839,47.219],[1.873,47.205],[1.904,47.216],[1.917,47.236],[1.895,47.255],[1.941,47.29],[2.024,47.265],[2.079,47.285],[2.126,47.28],[2.157,47.3],[2.119,47.334],[2.114,47.367],[2.097,47.367],[2.102,47.387],[2.119,47.419],[2.142,47.408],[2.189,47.438],[2.205,47.405],[2.244,47.415],[2.248,47.492],[2.199,47.487],[2.215,47.522],[2.196,47.549],[2.131,47.55],[2.12,47.583],[2.239,47.621]]]},"properties":{"code":"18","nom":"Cher"}},{"type":"Feature","geometry":{"type":"Polygon","coordinates":[[[9.402,41.859],[9.372,41.865],[9.309,41.832],[9.302,41.844],[9.237,41.847],[9.227,41.856],[9.252,41.899],[9.213,41.917],[9.23,41.932],[9.215,41.942],[9.221,42.028],[9.161,42.026],[9.135,42.051],[9.12,42.108],[9.072,42.13],[9.046,42.207],[9.007,42.209],[8.905,42.254],[8.863,42.297],[8.861,42.33],[8.771,42.325],[8.641,42.373],[8.573,42.381],[8.609,42.386],[8.608,42.417],[8.655,42.416],[8.648,42.442],[8.667,42.445],[8.68,42.468],[8.65,42.478],[8.667,42.515],[8.719,42.528],[8.711,42.577],[8.724,42.584],[8.727,42.562],[8.788,42.558],[8.824,42.606],[9.059,42.66],[9.059,42.695],[9.125,42.732],[9.218,42.734],[9.254,42.719],[9.284,42.676],[9.314,42.689],[9.344,42.738],[9.343,42.795],[9.311,42.835],[9.34,42.865],[9.322,42.9],[9.356,42.927],[9.341,42.994],[9.422,43.012],[9.464,42.986],[9.452,42.964],[9.492,42.805],[9.446,42.674],[9.533,42.546],[9.543,42.428],[9.533,42.366],[9.559,42.272],[9.55,42.104],[9.413,41.952],[9.402,41.859]]]},"properties":{"code":"2B","nom":"Haute-Corse"}},{"type":"Feature","geometry":{"type":"MultiPolygon","coordinates":[[[[4.116,47.123],[4.115,47.146],[4.191,47.145],[4.147,47.114],[4.127,47.131],[4.116,47.123]]],[[[4.293,47.926],[4.309,47.961],[4.553,47.968],[4.555,47.986],[4.536,48.001],[4.583,48.029],[4.789,48.008],[4.809,47.99],[4.787,47.964],[4.841,47.961],[4.866,47.941],[4.834,47.907],[4.857,47.896],[4.869,47.917],[4.902,47.921],[4.928,47.871],[4.954,47.867],[4.968,47.832],[4.994,47.82],[4.982,47.8],[4.918,47.777],[4.931,47.761],[4.959,47.762],[4.971,47.728],[4.954,47.701],[4.992,47.688],[5.026,47.709],[5.033,47.692],[5.061,47.695],[5.044,47.677],[5.109,47.65],[5.179,47.679],[5.174,47.653],[5.239,47.616],[5.259,47.622],[5.24,47.596],[5.253,47.577],[5.322,47.612],[5.355,47.591],[5.371,47.605],[5.4,47.597],[5.426,47.632],[5.478,47.609],[5.497,47.544],[5.486,47.527],[5.436,47.492],[5.399,47.499],[5.387,47.481],[5.408,47.477],[5.377,47.465],[5.38,47.451],[5.406,47.462],[5.439,47.45],[5.43,47.421],[5.445,47.404],[5.432,47.393],[5.497,47.39],[5.493,47.332],[5.472,47.317],[5.519,47.304],[5.505,47.286],[5.488,47.289],[5.477,47.216],[5.446,47.2],[5.459,47.183],[5.44,47.144],[5.409,47.126],[5.386,47.082],[5.322,47.073],[5.283,47.045],[5.275,47.027],[5.31,47.018],[5.255,46.98],[5.222,46.989],[5.106,46.956],[5.049,46.982],[4.984,46.959],[4.896,46.966],[4.894,46.951],[4.685,46.901],[4.665,46.914],[4.679,46.929],[4.594,46.954],[4.547,46.998],[4.555,47.02],[4.512,47.012],[4.406,47.05],[4.416,47.078],[4.383,47.083],[4.353,47.064],[4.349,47.097],[4.26,47.114],[4.21,47.155],[4.231,47.199],[4.22,47.216],[4.178,47.25],[4.135,47.237],[4.125,47.252],[4.114,47.308],[4.142,47.353],[4.106,47.339],[4.107,47.376],[4.08,47.376],[4.088,47.397],[4.066,47.407],[4.087,47.44],[4.099,47.43],[4.119,47.444],[4.13,47.471],[4.116,47.515],[4.175,47.553],[4.212,47.628],[4.249,47.659],[4.227,47.678],[4.272,47.687],[4.239,47.724],[4.332,47.757],[4.327,47.786],[4.34,47.8],[4.321,47.811],[4.324,47.847],[4.273,47.839],[4.261,47.844],[4.265,47.874],[4.247,47.874],[4.277,47.899],[4.311,47.904],[4.293,47.926]]]]},"properties":{"code":"21","nom":"Côte-d'Or"}},{"type":"Feature","geometry":{"type":"Polygon","coordinates":[[[4.8,45.298],[4.859,45.309],[4.88,45.297],[4.989,45.344],[5.01,45.342],[5.021,45.319],[5.054,45.319],[5.075,45.282],[5.139,45.296],[5.121,45.248],[5.177,45.248],[5.202,45.217],[5.167,45.21],[5.189,45.171],[5.187,45.121],[5.147,45.073],[5.208,45.084],[5.248,45.061],[5.343,45.06],[5.388,45.036],[5.459,45.084],[5.483,45.084],[5.465,45.046],[5.489,44.99],[5.464,44.826],[5.484,44.823],[5.464,44.792],[5.556,44.771],[5.55,44.795],[5.627,44.752],[5.647,44.724],[5.705,44.728],[5.759,44.696],[5.827,44.7],[5.791,44.653],[5.754,44.663],[5.726,44.639],[5.642,44.651],[5.65,44.618],[5.597,44.543],[5.665,44.502],[5.63,44.501],[5.604,44.466],[5.465,44.5],[5.464,44.448],[5.497,44.438],[5.494,44.428],[5.419,44.425],[5.443,44.391],[5.434,44.37],[5.463,44.367],[5.493,44.337],[5.514,44.347],[5.549,44.33],[5.627,44.335],[5.608,44.307],[5.638,44.3],[5.647,44.267],[5.687,44.267],[5.673,44.246],[5.686,44.197],[5.652,44.19],[5.644,44.173],[5.683,44.163],[5.679,44.146],[5.631,44.151],[5.64,44.168],[5.602,44.191],[5.576,44.188],[5.564,44.171],[5.583,44.158],[5.533,44.13],[5.455,44.119],[5.436,44.152],[5.383,44.155],[5.385,44.201],[5.354,44.213],[5.304,44.206],[5.257,44.23],[5.24,44.231],[5.238,44.213],[5.155,44.231],[5.147,44.27],[5.166,44.315],[5.108,44.28],[5.077,44.284],[5.061,44.308],[4.935,44.264],[4.874,44.259],[4.827,44.228],[4.783,44.316],[4.651,44.33],[4.667,44.431],[4.699,44.452],[4.688,44.506],[4.707,44.531],[4.692,44.556],[4.71,44.582],[4.741,44.589],[4.779,44.655],[4.762,44.769],[4.823,44.817],[4.822,44.839],[4.841,44.843],[4.858,44.903],[4.887,44.937],[4.838,45.005],[4.84,45.036],[4.861,45.055],[4.832,45.07],[4.827,45.102],[4.804,45.122],[4.829,45.157],[4.809,45.171],[4.8,45.298]],[[4.888,44.332],[4.89,44.304],[4.987,44.293],[5.027,44.363],[5.071,44.383],[5.016,44.393],[5.019,44.416],[4.97,44.431],[4.919,44.408],[4.907,44.374],[4.875,44.351],[4.888,44.332]]]},"properties":{"code":"26","nom":"Drôme"}},{"type":"Feature","geometry":{"type":"Polygon","coordinates":[[[0.954,43.787],[1.058,43.799],[1.085,43.815],[1.115,43.798],[1.145,43.822],[1.18,43.796],[1.213,43.793],[1.219,43.771],[1.275,43.786],[1.267,43.799],[1.361,43.821],[1.348,43.838],[1.297,43.847],[1.363,43.857],[1.348,43.87],[1.366,43.889],[1.448,43.874],[1.475,43.902],[1.491,43.889],[1.556,43.918],[1.555,43.868],[1.593,43.843],[1.591,43.815],[1.645,43.8],[1.65,43.752],[1.706,43.716],[1.665,43.694],[1.721,43.688],[1.731,43.658],[1.695,43.644],[1.697,43.621],[1.839,43.576],[1.851,43.55],[1.917,43.502],[1.996,43.48],[2.011,43.483],[2.015,43.504],[2.046,43.505],[2.048,43.486],[2.018,43.47],[2.015,43.451],[2.039,43.424],[1.988,43.408],[1.93,43.423],[1.896,43.396],[1.895,43.419],[1.859,43.444],[1.817,43.41],[1.823,43.393],[1.804,43.392],[1.813,43.341],[1.759,43.346],[1.724,43.33],[1.736,43.314],[1.651,43.261],[1.646,43.238],[1.635,43.237],[1.637,43.255],[1.571,43.275],[1.565,43.253],[1.541,43.278],[1.519,43.269],[1.518,43.289],[1.49,43.272],[1.505,43.221],[1.448,43.213],[1.418,43.228],[1.425,43.257],[1.373,43.31],[1.324,43.309],[1.293,43.285],[1.297,43.262],[1.331,43.263],[1.332,43.249],[1.383,43.229],[1.368,43.209],[1.315,43.19],[1.227,43.184],[1.219,43.153],[1.269,43.147],[1.302,43.124],[1.26,43.105],[1.262,43.092],[1.224,43.086],[1.209,43.118],[1.124,43.157],[1.088,43.134],[1.05,43.14],[1.039,43.101],[1.012,43.109],[0.992,43.098],[1.005,43.081],[0.985,43.067],[0.987,43.028],[1.019,43.01],[0.979,42.974],[0.875,42.958],[0.876,42.927],[0.826,42.914],[0.858,42.826],[0.708,42.861],[0.678,42.855],[0.659,42.839],[0.67,42.802],[0.645,42.783],[0.664,42.772],[0.647,42.752],[0.679,42.723],[0.671,42.69],[0.597,42.706],[0.587,42.695],[0.478,42.7],[0.485,42.71],[0.455,42.728],[0.46,42.852],[0.477,42.878],[0.537,42.863],[0.576,42.871],[0.606,42.934],[0.646,42.962],[0.619,42.972],[0.627,43.0],[0.608,43.034],[0.531,43.003],[0.538,43.042],[0.563,43.036],[0.564,43.074],[0.503,43.096],[0.489,43.115],[0.453,43.111],[0.464,43.118],[0.442,43.131],[0.522,43.192],[0.506,43.2],[0.517,43.212],[0.571,43.218],[0.573,43.233],[0.552,43.236],[0.633,43.293],[0.612,43.316],[0.675,43.329],[0.718,43.377],[0.734,43.371],[0.754,43.389],[0.757,43.416],[0.806,43.4],[0.821,43.417],[0.917,43.406],[0.964,43.386],[0.978,43.363],[0.993,43.367],[0.994,43.408],[1.023,43.412],[1.019,43.431],[1.042,43.461],[1.018,43.473],[1.069,43.505],[1.054,43.519],[1.075,43.529],[1.063,43.536],[1.072,43.546],[1.097,43.533],[1.164,43.572],[1.199,43.569],[1.201,43.595],[1.181,43.614],[1.158,43.606],[1.141,43.641],[1.088,43.645],[1.101,43.661],[1.051,43.678],[1.064,43.703],[0.987,43.742],[0.954,43.787]]]},"properties":{"code":"31","nom":"Haute-Garonne"}},{"type":"Feature","geometry":{"type":"Polygon","coordinates":[[[0.076,43.983],[0.126,44.0],[0.141,43.995],[0.139,43.975],[0.159,43.974],[0.167,43.997],[0.205,44.019],[0.304,43.993],[0.318,43.995],[0.317,44.01],[0.382,44.006],[0.442,44.029],[0.46,44.055],[0.539,44.054],[0.598,44.078],[0.667,44.025],[0.742,44.065],[0.766,44.03],[0.817,44.055],[0.851,44.048],[0.86,44.041],[0.84,44.024],[0.814,44.025],[0.828,44.0],[0.763,43.931],[0.863,43.923],[0.905,43.899],[0.883,43.875],[0.913,43.848],[0.895,43.84],[0.926,43.832],[0.897,43.791],[0.954,43.787],[0.987,43.742],[1.064,43.703],[1.051,43.678],[1.101,43.661],[1.088,43.645],[1.141,43.641],[1.158,43.606],[1.181,43.614],[1.201,43.595],[1.199,43.569],[1.164,43.572],[1.097,43.533],[1.072,43.546],[1.063,43.536],[1.075,43.529],[1.054,43.519],[1.069,43.505],[1.018,43.473],[1.042,43.461],[1.019,43.431],[1.023,43.412],[0.994,43.408],[1.002,43.377],[0.978,43.363],[0.964,43.386],[0.917,43.406],[0.821,43.417],[0.806,43.4],[0.757,43.416],[0.734,43.371],[0.718,43.377],[0.656,43.317],[0.607,43.311],[0.445,43.34],[0.443,43.328],[0.414,43.329],[0.388,43.356],[0.332,43.343],[0.328,43.371],[0.301,43.372],[0.299,43.388],[0.233,43.368],[0.182,43.371],[0.174,43.403],[0.154,43.399],[0.132,43.424],[0.166,43.443],[0.131,43.474],[0.112,43.517],[0.056,43.519],[0.016,43.543],[-0.016,43.605],[-0.074,43.606],[-0.097,43.582],[-0.16,43.581],[-0.176,43.596],[-0.235,43.583],[-0.255,43.597],[-0.247,43.616],[-0.28,43.618],[-0.282,43.643],[-0.264,43.636],[-0.243,43.655],[-0.24,43.671],[-0.256,43.68],[-0.239,43.694],[-0.247,43.711],[-0.194,43.737],[-0.219,43.751],[-0.208,43.761],[-0.227,43.808],[-0.192,43.81],[-0.188,43.833],[-0.209,43.858],[-0.191,43.875],[-0.234,43.891],[-0.228,43.911],[-0.179,43.938],[-0.166,43.928],[-0.126,43.944],[-0.102,43.927],[-0.098,43.942],[-0.047,43.961],[-0.036,43.984],[0.007,43.954],[-0.014,43.924],[0.059,43.898],[0.077,43.916],[0.055,43.958],[0.076,43.983]]]},"properties":{"code":"32","nom":"Gers"}},{"type":"Feature","geometry":{"type":"Polygon","coordinates":[[[3.358,43.914],[3.424,43.912],[3.44,43.897],[3.424,43.873],[3.435,43.863],[3.513,43.896],[3.531,43.856],[3.578,43.844],[3.599,43.855],[3.575,43.866],[3.624,43.917],[3.646,43.901],[3.647,43.915],[3.672,43.912],[3.682,43.947],[3.707,43.961],[3.787,43.967],[3.796,43.943],[3.827,43.936],[3.8,43.891],[3.806,43.878],[3.831,43.866],[3.917,43.886],[3.922,43.858],[3.979,43.843],[3.961,43.806],[4.024,43.803],[4.114,43.738],[4.145,43.734],[4.191,43.639],[4.15,43.586],[4.099,43.585],[4.101,43.554],[3.969,43.54],[3.886,43.507],[3.797,43.441],[3.725,43.416],[3.723,43.401],[3.646,43.385],[3.511,43.273],[3.403,43.288],[3.241,43.213],[3.201,43.249],[3.16,43.243],[3.055,43.28],[3.016,43.276],[3.004,43.32],[2.945,43.313],[2.887,43.33],[2.89,43.364],[2.868,43.382],[2.856,43.374],[2.868,43.33],[2.813,43.323],[2.818,43.309],[2.787,43.274],[2.753,43.255],[2.707,43.274],[2.694,43.32],[2.659,43.293],[2.616,43.289],[2.589,43.329],[2.54,43.346],[2.555,43.388],[2.591,43.403],[2.566,43.423],[2.668,43.47],[2.659,43.526],[2.616,43.567],[2.632,43.584],[2.615,43.6],[2.643,43.65],[2.711,43.646],[2.755,43.614],[2.907,43.654],[2.919,43.686],[2.985,43.709],[3.061,43.693],[3.069,43.707],[3.053,43.746],[3.076,43.769],[3.049,43.804],[3.065,43.836],[3.151,43.814],[3.223,43.818],[3.249,43.83],[3.236,43.867],[3.263,43.893],[3.343,43.894],[3.358,43.914]]]},"properties":{"code":"34","nom":"Hérault"}},{"type":"Feature","geometry":{"type":"Polygon","coordinates":[[[3.897,45.357],[3.908,45.333],[3.937,45.372],[3.98,45.375],[4.016,45.329],[4.043,45.356],[4.071,45.336],[4.078,45.355],[4.154,45.365],[4.144,45.384],[4.178,45.393],[4.245,45.385],[4.285,45.357],[4.332,45.368],[4.367,45.337],[4.332,45.318],[4.369,45.3],[4.35,45.28],[4.363,45.264],[4.386,45.256],[4.437,45.273],[4.49,45.225],[4.447,45.157],[4.457,45.119],[4.438,45.122],[4.437,45.11],[4.423,45.137],[4.377,45.144],[4.37,45.13],[4.4,45.105],[4.36,45.1],[4.346,45.075],[4.382,45.042],[4.297,45.017],[4.29,44.997],[4.312,44.972],[4.258,44.96],[4.236,44.97],[4.156,44.873],[4.04,44.873],[4.02,44.846],[4.028,44.834],[4.004,44.836],[3.996,44.821],[3.98,44.83],[3.982,44.812],[3.963,44.83],[3.946,44.824],[3.925,44.77],[3.863,44.744],[3.837,44.748],[3.842,44.772],[3.803,44.77],[3.741,44.839],[3.666,44.829],[3.657,44.836],[3.67,44.851],[3.642,44.878],[3.594,44.875],[3.578,44.826],[3.479,44.809],[3.418,44.901],[3.405,44.956],[3.348,44.974],[3.37,45.001],[3.325,45.01],[3.337,45.025],[3.311,45.021],[3.297,45.036],[3.314,45.085],[3.287,45.089],[3.283,45.104],[3.326,45.095],[3.351,45.109],[3.288,45.12],[3.262,45.168],[3.272,45.209],[3.235,45.22],[3.222,45.272],[3.205,45.282],[3.168,45.27],[3.16,45.295],[3.082,45.29],[3.114,45.309],[3.091,45.323],[3.113,45.327],[3.104,45.354],[3.168,45.352],[3.219,45.369],[3.237,45.394],[3.291,45.402],[3.296,45.418],[3.334,45.406],[3.359,45.421],[3.42,45.397],[3.501,45.428],[3.521,45.402],[3.571,45.402],[3.59,45.357],[3.619,45.338],[3.68,45.384],[3.7,45.359],[3.741,45.353],[3.79,45.354],[3.786,45.369],[3.808,45.392],[3.838,45.366],[3.897,45.357]]]},"properties":{"code":"43","nom":"Haute-Loire"}},{"type":"Feature","geometry":{"type":"Polygon","coordinates":[[[-1.149,47.03],[-1.203,47.042],[-1.271,47.084],[-1.301,47.034],[-1.335,47.043],[-1.379,47.031],[-1.365,47.007],[-1.378,46.991],[-1.359,46.981],[-1.365,46.957],[-1.456,46.926],[-1.472,46.934],[-1.457,46.955],[-1.476,46.984],[-1.46,46.993],[-1.492,47.042],[-1.552,47.018],[-1.543,47.003],[-1.554,46.982],[-1.52,46.939],[-1.544,46.923],[-1.501,46.884],[-1.546,46.874],[-1.549,46.86],[-1.665,46.875],[-1.69,46.89],[-1.72,46.885],[-1.751,46.93],[-1.831,46.932],[-1.832,46.954],[-1.895,46.96],[-2.053,47.094],[-2.248,47.134],[-2.167,47.166],[-2.158,47.209],[-2.178,47.236],[-2.17,47.268],[-2.187,47.281],[-2.302,47.236],[-2.37,47.277],[-2.448,47.262],[-2.544,47.29],[-2.514,47.298],[-2.503,47.329],[-2.521,47.359],[-2.559,47.375],[-2.473,47.416],[-2.435,47.413],[-2.458,47.448],[-2.423,47.477],[-2.4,47.456],[-2.313,47.464],[-2.297,47.516],[-2.263,47.513],[-2.244,47.494],[-2.185,47.512],[-2.192,47.497],[-2.164,47.491],[-2.156,47.522],[-2.099,47.534],[-2.09,47.643],[-1.974,47.694],[-1.954,47.672],[-1.864,47.707],[-1.713,47.699],[-1.655,47.713],[-1.593,47.776],[-1.468,47.806],[-1.482,47.832],[-1.39,47.828],[-1.353,47.798],[-1.246,47.777],[-1.238,47.755],[-1.255,47.734],[-1.195,47.722],[-1.175,47.695],[-1.183,47.669],[-1.16,47.66],[-1.138,47.619],[-1.007,47.589],[-1.046,47.563],[-1.172,47.573],[-1.178,47.548],[-1.152,47.542],[-1.166,47.534],[-1.157,47.51],[-1.039,47.505],[-0.959,47.482],[-0.946,47.386],[-0.975,47.371],[-1.168,47.366],[-1.3,47.338],[-1.354,47.304],[-1.295,47.301],[-1.239,47.242],[-1.208,47.253],[-1.181,47.241],[-1.188,47.22],[-1.163,47.178],[-1.235,47.139],[-1.226,47.119],[-1.248,47.1],[-1.17,47.093],[-1.154,47.072],[-1.115,47.063],[-1.117,47.04],[-1.149,47.03]]]},"properties":{"code":"44","nom":"Loire-Atlantique"}},{"type":"Feature","geometry":{"type":"Polygon","coordinates":[[[1.448,45.019],[1.536,45.046],[1.552,45.028],[1.576,45.041],[1.63,45.034],[1.703,44.988],[1.711,44.967],[1.751,44.955],[1.775,44.924],[1.785,44.937],[1.824,44.928],[1.908,44.978],[1.939,44.973],[1.951,44.953],[1.985,44.974],[2.063,44.977],[2.079,44.932],[2.108,44.911],[2.084,44.887],[2.166,44.813],[2.172,44.79],[2.149,44.77],[2.152,44.737],[2.13,44.698],[2.155,44.7],[2.179,44.674],[2.169,44.638],[2.211,44.606],[2.154,44.572],[2.057,44.583],[1.913,44.505],[1.91,44.487],[1.89,44.506],[1.885,44.486],[1.843,44.482],[1.851,44.436],[1.873,44.424],[1.871,44.398],[1.905,44.351],[1.827,44.324],[1.806,44.337],[1.782,44.314],[1.737,44.327],[1.663,44.293],[1.637,44.298],[1.652,44.287],[1.633,44.269],[1.616,44.278],[1.617,44.298],[1.577,44.302],[1.563,44.275],[1.587,44.249],[1.542,44.228],[1.509,44.274],[1.473,44.284],[1.454,44.254],[1.357,44.204],[1.336,44.228],[1.281,44.236],[1.304,44.263],[1.304,44.294],[1.25,44.273],[1.217,44.277],[1.178,44.292],[1.181,44.307],[1.11,44.323],[1.113,44.339],[1.081,44.354],[1.127,44.373],[1.133,44.393],[1.064,44.379],[1.051,44.392],[1.057,44.428],[1.025,44.443],[1.023,44.475],[1.009,44.48],[1.016,44.506],[0.982,44.544],[1.013,44.536],[1.075,44.577],[1.103,44.572],[1.095,44.59],[1.154,44.639],[1.147,44.67],[1.225,44.684],[1.27,44.722],[1.288,44.715],[1.301,44.743],[1.316,44.74],[1.323,44.765],[1.296,44.778],[1.3,44.797],[1.364,44.812],[1.361,44.841],[1.442,44.878],[1.414,44.912],[1.442,44.917],[1.409,45.006],[1.448,45.019]]]},"properties":{"code":"46","nom":"Lot"}},{"type":"Feature","geometry":{"type":"Polygon","coordinates":[[[-1.246,47.777],[-1.238,47.81],[-1.143,47.774],[-1.123,47.784],[-0.979,47.762],[-0.951,47.768],[-0.971,47.786],[-0.952,47.796],[-0.839,47.752],[-0.84,47.768],[-0.816,47.771],[-0.742,47.738],[-0.654,47.733],[-0.611,47.736],[-0.585,47.758],[-0.533,47.751],[-0.522,47.784],[-0.455,47.756],[-0.41,47.765],[-0.409,47.779],[-0.358,47.732],[-0.366,47.716],[-0.248,47.707],[-0.194,47.723],[-0.182,47.706],[-0.22,47.69],[-0.193,47.648],[-0.135,47.633],[-0.113,47.635],[-0.095,47.662],[-0.02,47.637],[-0.005,47.648],[0.017,47.621],[0.116,47.606],[0.152,47.582],[0.185,47.6],[0.186,47.617],[0.224,47.612],[0.235,47.578],[0.193,47.539],[0.225,47.527],[0.22,47.502],[0.181,47.453],[0.181,47.418],[0.154,47.399],[0.183,47.38],[0.142,47.362],[0.148,47.348],[0.079,47.283],[0.072,47.221],[0.053,47.197],[0.063,47.175],[0.037,47.16],[0.019,47.176],[-0.011,47.158],[-0.041,47.113],[-0.027,47.106],[-0.036,47.086],[-0.086,47.101],[-0.102,47.065],[-0.128,47.054],[-0.178,47.07],[-0.141,47.104],[-0.185,47.108],[-0.206,47.093],[-0.242,47.106],[-0.396,47.088],[-0.409,47.066],[-0.464,47.068],[-0.476,47.054],[-0.486,47.065],[-0.463,47.082],[-0.495,47.082],[-0.56,47.062],[-0.542,47.035],[-0.595,46.998],[-0.676,47.0],[-0.68,46.988],[-0.713,46.986],[-0.788,47.005],[-0.858,46.969],[-0.892,46.976],[-0.933,47.009],[-0.958,46.995],[-1.0,47.021],[-1.016,47.004],[-1.143,47.025],[-1.117,47.04],[-1.115,47.063],[-1.154,47.072],[-1.17,47.093],[-1.248,47.1],[-1.226,47.119],[-1.235,47.139],[-1.163,47.178],[-1.188,47.22],[-1.181,47.241],[-1.208,47.253],[-1.239,47.242],[-1.295,47.301],[-1.354,47.304],[-1.3,47.338],[-1.168,47.366],[-1.018,47.365],[-0.946,47.386],[-0.967,47.493],[-1.157,47.51],[-1.166,47.534],[-1.152,47.542],[-1.178,47.548],[-1.172,47.573],[-1.046,47.563],[-1.007,47.589],[-1.138,47.619],[-1.16,47.66],[-1.183,47.669],[-1.175,47.695],[-1.195,47.722],[-1.255,47.734],[-1.238,47.755],[-1.246,47.777]]]},"properties":{"code":"49","nom":"Maine-et-Loire"}},{"type":"Feature","geometry":{"type":"Polygon","coordinates":[[[-1.12,49.356],[-1.113,49.328],[-1.14,49.31],[-1.136,49.27],[-1.023,49.203],[-0.975,49.192],[-0.932,49.218],[-0.906,49.21],[-0.927,49.164],[-0.959,49.161],[-0.887,49.129],[-0.918,49.105],[-0.878,49.117],[-0.869,49.068],[-0.892,49.046],[-0.864,49.034],[-0.943,48.968],[-1.0,48.95],[-1.057,48.958],[-1.076,48.922],[-1.023,48.927],[-1.014,48.916],[-1.071,48.87],[-1.099,48.876],[-1.16,48.826],[-1.102,48.814],[-1.1,48.79],[-1.059,48.773],[-0.971,48.773],[-0.967,48.786],[-0.884,48.757],[-0.836,48.759],[-0.849,48.731],[-0.818,48.731],[-0.737,48.687],[-0.773,48.657],[-0.763,48.632],[-0.742,48.627],[-0.774,48.563],[-0.86,48.501],[-0.896,48.495],[-0.956,48.517],[-0.972,48.495],[-1.004,48.489],[-1.061,48.515],[-1.147,48.517],[-1.207,48.542],[-1.254,48.543],[-1.279,48.509],[-1.326,48.499],[-1.346,48.472],[-1.429,48.463],[-1.449,48.486],[-1.49,48.489],[-1.533,48.548],[-1.519,48.567],[-1.571,48.626],[-1.477,48.619],[-1.405,48.643],[-1.357,48.635],[-1.401,48.659],[-1.389,48.681],[-1.445,48.655],[-1.574,48.752],[-1.574,48.822],[-1.601,48.837],[-1.576,48.866],[-1.564,48.922],[-1.554,48.9],[-1.543,48.931],[-1.562,48.941],[-1.556,49.025],[-1.509,49.027],[-1.559,49.038],[-1.575,49.003],[-1.594,49.023],[-1.61,49.093],[-1.595,49.132],[-1.581,49.132],[-1.596,49.143],[-1.611,49.214],[-1.572,49.224],[-1.617,49.232],[-1.632,49.214],[-1.678,49.28],[-1.665,49.287],[-1.683,49.288],[-1.711,49.325],[-1.697,49.332],[-1.725,49.327],[-1.779,49.372],[-1.807,49.372],[-1.846,49.499],[-1.887,49.528],[-1.841,49.572],[-1.845,49.619],[-1.873,49.658],[-1.946,49.674],[-1.942,49.726],[-1.89,49.707],[-1.852,49.717],[-1.815,49.689],[-1.687,49.673],[-1.615,49.643],[-1.486,49.669],[-1.471,49.697],[-1.37,49.707],[-1.268,49.695],[-1.229,49.608],[-1.254,49.613],[-1.268,49.582],[-1.296,49.583],[-1.306,49.539],[-1.168,49.408],[-1.178,49.365],[-1.12,49.356]]]},"properties":{"code":"50","nom":"Manche"}},{"type":"Feature","geometry":{"type":"MultiPolygon","coordinates":[[[[-2.883,47.343],[-2.864,47.337],[-2.885,47.332],[-2.883,47.343]]],[[[-3.422,47.62],[-3.462,47.62],[-3.513,47.651],[-3.429,47.642],[-3.422,47.62]]],[[[-2.948,47.373],[-2.97,47.393],[-2.95,47.391],[-2.948,47.373]]],[[[-3.235,47.324],[-3.264,47.352],[-3.245,47.388],[-3.156,47.361],[-3.14,47.33],[-3.063,47.315],[-3.087,47.283],[-3.176,47.3],[-3.217,47.293],[-3.249,47.316],[-3.235,47.324]]],[[[-2.81,47.578],[-2.809,47.592],[-2.787,47.595],[-2.81,47.578]]],[[[-2.287,48.134],[-2.256,48.109],[-2.252,48.063],[-2.22,48.08],[-2.168,48.076],[-2.194,48.051],[-2.242,48.053],[-2.269,48.035],[-2.282,47.991],[-2.24,47.999],[-2.137,47.979],[-2.079,47.92],[-2.112,47.892],[-2.097,47.865],[-2.109,47.848],[-2.09,47.844],[-2.056,47.868],[-2.036,47.832],[-2.068,47.813],[-2.072,47.79],[-2.128,47.761],[-2.085,47.763],[-2.059,47.738],[-2.131,47.722],[-2.123,47.683],[-2.104,47.677],[-2.114,47.649],[-2.095,47.645],[-2.085,47.621],[-2.104,47.589],[-2.099,47.534],[-2.156,47.522],[-2.164,47.491],[-2.192,47.497],[-2.185,47.512],[-2.244,47.494],[-2.263,47.513],[-2.297,47.516],[-2.324,47.46],[-2.4,47.456],[-2.423,47.477],[-2.48,47.442],[-2.499,47.458],[-2.489,47.468],[-2.501,47.491],[-2.467,47.483],[-2.441,47.496],[-2.518,47.526],[-2.622,47.505],[-2.56,47.551],[-2.587,47.564],[-2.595,47.534],[-2.629,47.549],[-2.626,47.531],[-2.651,47.538],[-2.632,47.53],[-2.636,47.518],[-2.664,47.519],[-2.681,47.496],[-2.738,47.504],[-2.8,47.487],[-2.849,47.499],[-2.847,47.512],[-2.913,47.542],[-2.91,47.553],[-2.879,47.564],[-2.839,47.544],[-2.805,47.555],[-2.766,47.536],[-2.731,47.542],[-2.727,47.565],[-2.69,47.59],[-2.692,47.627],[-2.716,47.632],[-2.696,47.611],[-2.713,47.595],[-2.779,47.619],[-2.751,47.622],[-2.758,47.632],[-2.851,47.619],[-2.866,47.597],[-2.891,47.6],[-2.895,47.581],[-2.939,47.594],[-2.947,47.629],[-2.977,47.659],[-2.955,47.599],[-2.965,47.589],[-2.929,47.555],[-2.968,47.557],[-2.975,47.576],[-3.005,47.566],[-3.012,47.58],[-3.095,47.565],[-3.13,47.596],[-3.133,47.533],[-3.095,47.482],[-3.131,47.473],[-3.157,47.528],[-3.135,47.549],[-3.14,47.58],[-3.21,47.641],[-3.191,47.683],[-3.162,47.68],[-3.164,47.695],[-3.128,47.706],[-3.126,47.723],[-3.161,47.735],[-3.175,47.723],[-3.169,47.704],[-3.201,47.697],[-3.19,47.691],[-3.219,47.666],[-3.215,47.645],[-3.288,47.701],[-3.364,47.709],[-3.298,47.769],[-3.351,47.744],[-3.387,47.702],[-3.453,47.695],[-3.521,47.758],[-3.53,47.782],[-3.517,47.805],[-3.538,47.836],[-3.523,47.849],[-3.488,47.824],[-3.458,47.837],[-3.449,47.862],[-3.403,47.87],[-3.409,47.91],[-3.388,47.929],[-3.393,47.954],[-3.42,47.97],[-3.477,47.949],[-3.497,47.977],[-3.555,47.993],[-3.64,47.985],[-3.674,48.053],[-3.698,48.062],[-3.695,48.093],[-3.731,48.096],[-3.732,48.109],[-3.696,48.152],[-3.565,48.186],[-3.444,48.186],[-3.423,48.177],[-3.438,48.163],[-3.417,48.146],[-3.337,48.171],[-3.319,48.15],[-3.272,48.14],[-3.218,48.144],[-3.193,48.164],[-3.139,48.164],[-3.132,48.196],[-3.078,48.211],[-3.014,48.197],[-3.0,48.162],[-2.937,48.17],[-2.851,48.141],[-2.81,48.147],[-2.782,48.121],[-2.778,48.09],[-2.754,48.116],[-2.662,48.129],[-2.652,48.096],[-2.67,48.048],[-2.631,48.035],[-2.548,48.077],[-2.549,48.099],[-2.514,48.132],[-2.534,48.157],[-2.426,48.174],[-2.358,48.111],[-2.352,48.125],[-2.287,48.134]]]]},"properties":{"code":"56","nom":"Morbihan"}},{"type":"Feature","geometry":{"type":"MultiPolygon","coordinates":[[[[3.0,50.13],[3.004,50.15],[3.04,50.153],[3.061,50.174],[3.096,50.163],[3.068,50.147],[3.073,50.131],[3.011,50.113],[3.0,50.13]]],[[[2.068,51.007],[2.179,51.015],[2.192,51.035],[2.348,51.06],[2.4,51.051],[2.546,51.088],[2.574,51.004],[2.601,50.991],[2.633,50.946],[2.59,50.919],[2.608,50.912],[2.6,50.853],[2.635,50.813],[2.717,50.814],[2.796,50.725],[2.848,50.723],[2.898,50.694],[2.922,50.703],[2.938,50.744],[2.958,50.753],[3.061,50.781],[3.089,50.773],[3.115,50.794],[3.151,50.79],[3.199,50.735],[3.191,50.724],[3.258,50.701],[3.262,50.678],[3.241,50.658],[3.278,50.593],[3.287,50.528],[3.374,50.492],[3.45,50.507],[3.474,50.534],[3.519,50.523],[3.501,50.487],[3.568,50.501],[3.613,50.492],[3.664,50.453],[3.674,50.404],[3.658,50.371],[3.71,50.303],[3.732,50.312],[3.747,50.351],[3.853,50.352],[3.9,50.328],[4.027,50.357],[4.079,50.31],[4.12,50.3],[4.136,50.257],[4.168,50.26],[4.151,50.278],[4.163,50.289],[4.203,50.275],[4.221,50.252],[4.151,50.213],[4.155,50.167],[4.127,50.135],[4.2,50.131],[4.198,50.109],[4.228,50.066],[4.162,50.049],[4.136,50.02],[4.162,50.001],[4.158,49.988],[4.087,49.969],[3.98,49.995],[3.995,50.026],[3.982,50.044],[3.887,50.01],[3.875,50.037],[3.778,50.046],[3.715,50.069],[3.666,50.055],[3.656,50.033],[3.614,50.025],[3.562,50.054],[3.491,50.019],[3.375,50.036],[3.287,50.014],[3.258,50.032],[3.173,50.012],[3.118,50.028],[3.084,50.058],[3.114,50.092],[3.096,50.124],[3.134,50.143],[3.102,50.163],[3.156,50.184],[3.131,50.199],[3.142,50.218],[3.188,50.229],[3.134,50.266],[3.012,50.268],[3.018,50.285],[3.051,50.282],[3.048,50.294],[3.084,50.311],[3.013,50.359],[2.982,50.401],[3.069,50.426],[3.067,50.458],[3.016,50.442],[3.007,50.457],[3.021,50.482],[3.008,50.493],[2.965,50.513],[2.899,50.502],[2.881,50.515],[2.887,50.538],[2.8,50.528],[2.794,50.549],[2.813,50.549],[2.816,50.566],[2.789,50.583],[2.842,50.629],[2.87,50.631],[2.809,50.669],[2.769,50.664],[2.761,50.656],[2.792,50.634],[2.753,50.628],[2.739,50.609],[2.68,50.636],[2.631,50.618],[2.587,50.638],[2.565,50.625],[2.534,50.643],[2.496,50.631],[2.403,50.682],[2.373,50.673],[2.364,50.685],[2.384,50.701],[2.341,50.741],[2.411,50.767],[2.376,50.784],[2.289,50.777],[2.213,50.811],[2.135,50.964],[2.068,51.007]]]]},"properties":{"code":"59","nom":"Nord"}},{"type":"Feature","geometry":{"type":"Polygon","coordinates":[[[5.885,47.926],[5.937,47.979],[5.96,47.966],[5.93,47.939],[5.954,47.937],[5.971,47.957],[6.002,47.956],[6.041,48.004],[6.132,48.024],[6.156,48.007],[6.165,47.976],[6.151,47.971],[6.168,47.952],[6.197,47.952],[6.205,47.932],[6.366,47.962],[6.432,47.944],[6.479,47.886],[6.542,47.903],[6.568,47.934],[6.602,47.944],[6.646,47.904],[6.785,47.85],[6.824,47.813],[6.758,47.748],[6.776,47.669],[6.8,47.635],[6.778,47.616],[6.819,47.577],[6.781,47.536],[6.66,47.58],[6.67,47.558],[6.647,47.535],[6.568,47.533],[6.584,47.51],[6.574,47.495],[6.496,47.506],[6.471,47.487],[6.463,47.512],[6.418,47.521],[6.334,47.506],[6.319,47.486],[6.303,47.492],[6.28,47.444],[6.239,47.431],[6.243,47.414],[6.2,47.429],[6.152,47.386],[6.117,47.393],[6.104,47.382],[6.113,47.361],[6.082,47.371],[6.08,47.354],[5.989,47.328],[5.927,47.345],[5.926,47.327],[5.897,47.329],[5.894,47.311],[5.884,47.322],[5.732,47.264],[5.676,47.276],[5.642,47.256],[5.574,47.254],[5.523,47.305],[5.472,47.317],[5.493,47.332],[5.497,47.39],[5.432,47.393],[5.445,47.404],[5.43,47.421],[5.439,47.45],[5.406,47.462],[5.38,47.451],[5.377,47.465],[5.408,47.477],[5.387,47.481],[5.399,47.499],[5.436,47.492],[5.486,47.527],[5.497,47.544],[5.478,47.609],[5.426,47.632],[5.389,47.595],[5.373,47.619],[5.406,47.648],[5.406,47.673],[5.483,47.685],[5.53,47.673],[5.567,47.705],[5.597,47.672],[5.69,47.685],[5.685,47.722],[5.709,47.745],[5.705,47.769],[5.677,47.779],[5.69,47.819],[5.746,47.824],[5.744,47.849],[5.761,47.859],[5.828,47.852],[5.821,47.868],[5.848,47.904],[5.886,47.903],[5.885,47.926]]]},"properties":{"code":"70","nom":"Haute-Saône"}},{"type":"Feature","geometry":{"type":"Polygon","coordinates":[[[-0.055,48.382],[-0.003,48.397],[0.021,48.38],[0.062,48.382],[0.068,48.406],[0.099,48.41],[0.116,48.436],[0.263,48.483],[0.356,48.458],[0.381,48.425],[0.374,48.387],[0.395,48.321],[0.481,48.299],[0.488,48.308],[0.536,48.25],[0.633,48.246],[0.653,48.264],[0.738,48.189],[0.798,48.194],[0.837,48.167],[0.912,48.149],[0.914,48.135],[0.853,48.134],[0.841,48.103],[0.814,48.099],[0.845,48.087],[0.843,48.073],[0.801,48.072],[0.797,48.038],[0.842,48.03],[0.824,47.982],[0.846,47.941],[0.812,47.929],[0.817,47.892],[0.79,47.912],[0.76,47.898],[0.759,47.859],[0.775,47.84],[0.698,47.789],[0.697,47.764],[0.627,47.752],[0.581,47.712],[0.615,47.683],[0.476,47.648],[0.45,47.619],[0.381,47.639],[0.365,47.62],[0.402,47.579],[0.379,47.569],[0.259,47.612],[0.186,47.617],[0.185,47.6],[0.152,47.582],[0.116,47.606],[0.017,47.621],[-0.005,47.648],[-0.02,47.637],[-0.095,47.662],[-0.113,47.635],[-0.193,47.648],[-0.22,47.69],[-0.182,47.706],[-0.202,47.725],[-0.248,47.707],[-0.366,47.716],[-0.358,47.732],[-0.38,47.751],[-0.388,47.805],[-0.434,47.809],[-0.448,47.832],[-0.409,47.858],[-0.374,47.858],[-0.371,47.88],[-0.405,47.893],[-0.397,47.926],[-0.281,47.954],[-0.302,47.966],[-0.316,48.005],[-0.34,48.012],[-0.342,48.043],[-0.27,48.065],[-0.231,48.059],[-0.238,48.086],[-0.216,48.114],[-0.254,48.137],[-0.238,48.148],[-0.25,48.157],[-0.147,48.205],[-0.163,48.256],[-0.139,48.298],[-0.156,48.339],[-0.132,48.344],[-0.138,48.361],[-0.112,48.374],[-0.055,48.382]]]},"properties":{"code":"72","nom":"Sarthe"}},{"type":"Feature","geometry":{"type":"Polygon","coordinates":[[[1.38,50.065],[1.454,50.11],[1.512,50.202],[1.548,50.215],[1.596,50.186],[1.684,50.183],[1.663,50.214],[1.623,50.215],[1.59,50.256],[1.549,50.26],[1.538,50.283],[1.556,50.361],[1.624,50.366],[1.671,50.331],[1.779,50.362],[1.899,50.313],[1.958,50.326],[1.936,50.301],[1.946,50.287],[2.078,50.249],[2.064,50.236],[2.086,50.201],[2.123,50.211],[2.15,50.19],[2.174,50.209],[2.274,50.227],[2.301,50.213],[2.331,50.223],[2.318,50.235],[2.334,50.239],[2.361,50.207],[2.405,50.234],[2.452,50.23],[2.496,50.195],[2.39,50.155],[2.375,50.109],[2.421,50.088],[2.477,50.137],[2.515,50.141],[2.532,50.115],[2.551,50.142],[2.578,50.14],[2.576,50.113],[2.705,50.081],[2.719,50.088],[2.697,50.104],[2.709,50.128],[2.73,50.126],[2.781,50.111],[2.764,50.061],[2.743,50.048],[2.752,50.04],[2.858,50.077],[2.877,50.042],[2.852,50.031],[2.872,50.021],[2.948,50.053],[2.972,50.041],[3.014,50.059],[3.09,50.054],[3.118,50.028],[3.167,50.021],[3.156,49.992],[3.203,49.984],[3.118,49.914],[3.12,49.884],[3.074,49.876],[3.084,49.846],[3.057,49.833],[3.085,49.818],[3.086,49.792],[3.061,49.781],[3.098,49.767],[3.118,49.706],[3.084,49.693],[3.083,49.712],[3.063,49.713],[3.026,49.68],[2.99,49.708],[2.949,49.692],[2.953,49.666],[2.916,49.703],[2.884,49.711],[2.866,49.702],[2.888,49.683],[2.857,49.684],[2.85,49.662],[2.794,49.656],[2.799,49.621],[2.689,49.626],[2.671,49.581],[2.65,49.572],[2.628,49.585],[2.624,49.61],[2.571,49.597],[2.565,49.619],[2.505,49.639],[2.478,49.621],[2.446,49.653],[2.373,49.656],[2.316,49.69],[2.302,49.681],[2.247,49.702],[2.065,49.683],[2.035,49.709],[1.964,49.716],[1.949,49.701],[1.933,49.72],[1.894,49.699],[1.849,49.702],[1.821,49.722],[1.837,49.74],[1.758,49.781],[1.712,49.886],[1.678,49.918],[1.594,49.949],[1.456,50.038],[1.459,50.062],[1.446,50.069],[1.38,50.065]]]},"properties":{"code":"80","nom":"Somme"}},{"type":"Feature","geometry":{"type":"Polygon","coordinates":[[[2.227,48.776],[2.285,48.748],[2.28,48.733],[2.369,48.746],[2.371,48.72],[2.414,48.718],[2.504,48.735],[2.531,48.7],[2.579,48.69],[2.585,48.679],[2.534,48.657],[2.542,48.635],[2.518,48.627],[2.544,48.604],[2.501,48.546],[2.515,48.504],[2.502,48.485],[2.505,48.439],[2.535,48.404],[2.474,48.39],[2.483,48.385],[2.43,48.362],[2.426,48.337],[2.393,48.336],[2.403,48.321],[2.37,48.309],[2.328,48.333],[2.295,48.308],[2.267,48.315],[2.245,48.298],[2.246,48.33],[2.202,48.345],[2.181,48.314],[2.154,48.316],[2.164,48.298],[2.106,48.308],[2.082,48.294],[1.975,48.287],[1.959,48.309],[1.982,48.328],[1.973,48.353],[1.987,48.362],[1.966,48.382],[1.977,48.399],[1.931,48.404],[1.943,48.441],[1.915,48.474],[1.967,48.533],[1.934,48.548],[1.938,48.563],[2.018,48.558],[2.035,48.604],[2.06,48.618],[2.011,48.66],[2.028,48.657],[2.046,48.688],[2.098,48.694],[2.111,48.724],[2.098,48.734],[2.182,48.758],[2.191,48.775],[2.227,48.776]]]},"properties":{"code":"91","nom":"Essonne"}},{"type":"Feature","geometry":{"type":"Polygon","coordinates":[[[1.704,49.232],[1.73,49.229],[1.734,49.211],[1.716,49.203],[1.755,49.175],[1.795,49.185],[1.885,49.163],[1.973,49.184],[2.005,49.178],[2.081,49.21],[2.097,49.19],[2.165,49.18],[2.164,49.166],[2.219,49.181],[2.235,49.167],[2.223,49.152],[2.286,49.16],[2.311,49.186],[2.359,49.147],[2.371,49.159],[2.415,49.152],[2.441,49.146],[2.435,49.134],[2.499,49.122],[2.49,49.106],[2.531,49.1],[2.533,49.119],[2.556,49.119],[2.558,49.098],[2.591,49.08],[2.572,49.06],[2.588,49.047],[2.535,49.024],[2.553,49.01],[2.459,48.955],[2.366,48.974],[2.299,48.966],[2.201,48.909],[2.206,48.95],[2.174,48.953],[2.173,48.976],[2.121,48.993],[2.121,49.018],[2.025,48.999],[1.992,49.021],[1.938,49.022],[1.909,49.048],[1.869,49.018],[1.852,49.035],[1.865,49.057],[1.824,49.076],[1.723,49.045],[1.674,49.078],[1.614,49.071],[1.618,49.094],[1.656,49.13],[1.676,49.212],[1.704,49.232]]]},"properties":{"code":"95","nom":"Val-d'Oise"}},{"type":"Feature","geometry":{"type":"Polygon","coordinates":[[[0.841,48.103],[0.944,48.112],[0.95,48.099],[0.997,48.127],[1.039,48.132],[1.046,48.118],[0.996,48.089],[1.112,48.081],[1.121,48.039],[1.167,48.027],[1.203,47.977],[1.191,47.972],[1.21,47.968],[1.237,47.979],[1.268,47.962],[1.3,47.968],[1.309,47.954],[1.346,47.965],[1.365,47.955],[1.387,47.981],[1.437,47.976],[1.44,48.012],[1.499,47.985],[1.565,47.99],[1.552,47.953],[1.525,47.942],[1.525,47.929],[1.581,47.902],[1.588,47.876],[1.535,47.84],[1.534,47.821],[1.571,47.797],[1.548,47.77],[1.598,47.74],[1.593,47.728],[1.627,47.761],[1.697,47.738],[1.74,47.662],[1.791,47.637],[1.843,47.657],[1.856,47.69],[1.87,47.674],[1.934,47.679],[1.961,47.659],[2.008,47.677],[2.203,47.678],[2.205,47.662],[2.233,47.653],[2.239,47.621],[2.12,47.583],[2.131,47.55],[2.196,47.549],[2.215,47.522],[2.199,47.487],[2.248,47.492],[2.244,47.415],[2.205,47.405],[2.189,47.438],[2.142,47.408],[2.119,47.419],[2.097,47.367],[2.114,47.367],[2.119,47.334],[2.157,47.3],[2.126,47.28],[2.079,47.285],[2.024,47.265],[1.941,47.29],[1.895,47.255],[1.917,47.236],[1.904,47.216],[1.873,47.205],[1.796,47.238],[1.776,47.231],[1.716,47.277],[1.666,47.258],[1.65,47.273],[1.592,47.277],[1.591,47.257],[1.526,47.253],[1.534,47.221],[1.448,47.238],[1.327,47.186],[1.239,47.289],[1.173,47.285],[1.162,47.272],[1.108,47.298],[1.095,47.329],[1.123,47.354],[1.106,47.372],[1.124,47.392],[1.085,47.43],[1.113,47.429],[1.132,47.446],[1.113,47.466],[1.089,47.462],[1.068,47.523],[1.045,47.531],[1.076,47.563],[1.033,47.607],[0.997,47.584],[0.992,47.62],[0.919,47.633],[0.899,47.605],[0.864,47.6],[0.846,47.648],[0.861,47.688],[0.835,47.677],[0.735,47.695],[0.712,47.682],[0.675,47.699],[0.644,47.685],[0.654,47.699],[0.631,47.709],[0.604,47.686],[0.581,47.712],[0.627,47.752],[0.697,47.764],[0.698,47.789],[0.768,47.831],[0.76,47.898],[0.79,47.912],[0.817,47.892],[0.812,47.929],[0.846,47.941],[0.824,47.982],[0.842,48.03],[0.797,48.038],[0.797,48.053],[0.801,48.072],[0.843,48.073],[0.845,48.087],[0.814,48.099],[0.841,48.103]]]},"properties":{"code":"41","nom":"Loir-et-Cher"}},{"type":"Feature","geometry":{"type":"Polygon","coordinates":[[[-0.86,48.501],[-0.818,48.474],[-0.813,48.455],[-0.778,48.465],[-0.775,48.443],[-0.757,48.437],[-0.715,48.449],[-0.736,48.461],[-0.73,48.473],[-0.688,48.469],[-0.669,48.486],[-0.654,48.444],[-0.595,48.473],[-0.552,48.473],[-0.505,48.506],[-0.399,48.51],[-0.353,48.484],[-0.32,48.523],[-0.272,48.507],[-0.242,48.536],[-0.262,48.548],[-0.243,48.568],[-0.145,48.528],[-0.172,48.502],[-0.149,48.458],[-0.052,48.453],[-0.055,48.382],[-0.112,48.374],[-0.138,48.361],[-0.132,48.344],[-0.156,48.339],[-0.139,48.298],[-0.163,48.256],[-0.147,48.205],[-0.25,48.157],[-0.238,48.148],[-0.254,48.137],[-0.216,48.114],[-0.238,48.086],[-0.231,48.059],[-0.27,48.065],[-0.342,48.043],[-0.34,48.012],[-0.316,48.005],[-0.302,47.966],[-0.281,47.954],[-0.397,47.926],[-0.405,47.893],[-0.371,47.88],[-0.374,47.858],[-0.409,47.858],[-0.448,47.832],[-0.434,47.809],[-0.388,47.805],[-0.382,47.761],[-0.409,47.779],[-0.41,47.765],[-0.455,47.756],[-0.51,47.786],[-0.533,47.751],[-0.585,47.758],[-0.611,47.736],[-0.742,47.738],[-0.816,47.771],[-0.84,47.768],[-0.839,47.752],[-0.89,47.764],[-0.952,47.796],[-0.971,47.786],[-0.951,47.768],[-0.979,47.762],[-1.123,47.784],[-1.143,47.774],[-1.238,47.81],[-1.221,47.82],[-1.223,47.853],[-1.189,47.868],[-1.197,47.889],[-1.176,47.897],[-1.154,47.966],[-1.123,47.987],[-1.071,47.982],[-1.017,48.004],[-1.033,48.031],[-1.023,48.069],[-1.05,48.09],[-1.1,48.259],[-1.082,48.298],[-1.045,48.328],[-1.065,48.368],[-1.054,48.384],[-1.083,48.433],[-1.065,48.452],[-1.076,48.499],[-1.061,48.515],[-1.004,48.489],[-0.972,48.495],[-0.956,48.517],[-0.896,48.495],[-0.86,48.501]]]},"properties":{"code":"53","nom":"Mayenne"}},{"type":"Feature","geometry":{"type":"MultiPolygon","coordinates":[[[[5.456,49.481],[5.43,49.488],[5.442,49.504],[5.464,49.49],[5.456,49.481]]],[[[5.471,49.497],[5.556,49.529],[5.612,49.506],[5.62,49.533],[5.66,49.553],[5.739,49.539],[5.775,49.563],[5.819,49.537],[5.837,49.542],[5.846,49.53],[5.834,49.526],[5.862,49.502],[5.937,49.478],[5.942,49.43],[5.912,49.408],[5.93,49.402],[5.929,49.376],[5.956,49.362],[5.961,49.348],[5.944,49.335],[5.985,49.305],[6.006,49.308],[6.007,49.26],[6.027,49.253],[6.029,49.23],[5.982,49.196],[6.026,49.165],[5.981,49.144],[6.005,49.114],[5.932,49.109],[5.925,49.092],[5.96,49.047],[6.017,49.035],[6.045,49.01],[6.043,48.977],[6.117,48.968],[6.132,48.935],[6.272,48.933],[6.327,48.905],[6.298,48.881],[6.312,48.864],[6.285,48.849],[6.339,48.834],[6.31,48.821],[6.349,48.808],[6.355,48.782],[6.394,48.775],[6.434,48.789],[6.454,48.766],[6.554,48.754],[6.599,48.716],[6.658,48.708],[6.676,48.689],[6.667,48.671],[6.688,48.684],[6.726,48.664],[6.755,48.669],[6.782,48.643],[6.826,48.645],[6.864,48.62],[6.934,48.633],[6.961,48.608],[7.009,48.612],[7.017,48.604],[6.995,48.596],[7.084,48.545],[7.064,48.523],[7.123,48.514],[6.983,48.479],[6.891,48.418],[6.855,48.433],[6.815,48.399],[6.645,48.428],[6.624,48.473],[6.585,48.461],[6.569,48.437],[6.584,48.417],[6.534,48.431],[6.501,48.414],[6.435,48.413],[6.404,48.391],[6.384,48.395],[6.393,48.409],[6.381,48.412],[6.306,48.413],[6.301,48.431],[6.232,48.4],[6.15,48.409],[6.152,48.381],[6.117,48.354],[6.077,48.38],[6.08,48.364],[6.066,48.359],[5.962,48.35],[5.95,48.396],[5.928,48.394],[5.908,48.418],[5.931,48.434],[5.905,48.437],[5.893,48.405],[5.855,48.409],[5.899,48.447],[5.887,48.46],[5.906,48.495],[5.856,48.507],[5.777,48.487],[5.761,48.521],[5.776,48.54],[5.716,48.561],[5.713,48.581],[5.762,48.609],[5.79,48.607],[5.803,48.625],[5.759,48.623],[5.745,48.671],[5.765,48.701],[5.714,48.745],[5.776,48.79],[5.758,48.801],[5.781,48.827],[5.765,48.873],[5.791,48.887],[5.747,48.915],[5.849,48.961],[5.805,48.983],[5.823,49.023],[5.854,49.042],[5.836,49.066],[5.807,49.063],[5.818,49.111],[5.751,49.118],[5.76,49.15],[5.744,49.157],[5.766,49.198],[5.733,49.195],[5.719,49.216],[5.74,49.231],[5.721,49.248],[5.731,49.27],[5.761,49.28],[5.763,49.316],[5.732,49.311],[5.721,49.325],[5.736,49.338],[5.732,49.361],[5.687,49.394],[5.688,49.415],[5.635,49.437],[5.606,49.42],[5.501,49.409],[5.48,49.382],[5.449,49.402],[5.506,49.419],[5.471,49.428],[5.481,49.444],[5.462,49.453],[5.464,49.47],[5.482,49.494],[5.471,49.497]]]]},"properties":{"code":"54","nom":"Meurthe-et-Moselle"}},{"type":"Feature","geometry":{"type":"Polygon","coordinates":[[[-0.892,46.976],[-0.858,46.969],[-0.788,47.005],[-0.713,46.986],[-0.68,46.988],[-0.676,47.0],[-0.595,46.998],[-0.542,47.035],[-0.56,47.062],[-0.495,47.082],[-0.463,47.082],[-0.486,47.065],[-0.476,47.054],[-0.357,47.094],[-0.141,47.104],[-0.178,47.07],[-0.128,47.054],[-0.102,47.065],[-0.079,47.01],[-0.094,47.01],[-0.086,46.985],[-0.055,46.995],[-0.033,46.98],[-0.046,46.967],[-0.009,46.907],[-0.035,46.875],[0.034,46.854],[0.017,46.836],[-0.008,46.847],[-0.046,46.832],[-0.02,46.813],[0.008,46.814],[-0.022,46.79],[-0.022,46.769],[0.038,46.732],[0.001,46.716],[-0.018,46.689],[-0.007,46.683],[-0.04,46.664],[-0.033,46.654],[-0.066,46.623],[0.001,46.643],[-0.012,46.619],[0.023,46.614],[0.026,46.595],[0.043,46.591],[-0.008,46.568],[0.007,46.543],[-0.007,46.523],[-0.031,46.525],[-0.043,46.472],[-0.015,46.475],[-0.009,46.391],[0.034,46.373],[0.014,46.357],[0.03,46.349],[0.016,46.326],[0.078,46.305],[0.124,46.348],[0.177,46.328],[0.157,46.301],[0.172,46.279],[0.129,46.267],[0.143,46.23],[0.113,46.211],[0.108,46.186],[0.174,46.151],[0.22,46.158],[0.191,46.112],[0.197,46.096],[0.171,46.083],[0.136,46.104],[0.093,46.101],[0.1,46.093],[0.073,46.094],[0.019,46.053],[-0.039,46.053],[-0.021,46.029],[-0.046,46.021],[-0.041,45.993],[-0.103,45.97],[-0.137,45.979],[-0.172,46.033],[-0.189,46.027],[-0.194,46.052],[-0.273,46.057],[-0.293,46.087],[-0.363,46.076],[-0.383,46.098],[-0.401,46.085],[-0.423,46.094],[-0.422,46.113],[-0.445,46.099],[-0.506,46.107],[-0.527,46.136],[-0.579,46.148],[-0.62,46.138],[-0.633,46.148],[-0.607,46.153],[-0.613,46.162],[-0.691,46.18],[-0.691,46.219],[-0.751,46.245],[-0.736,46.267],[-0.755,46.302],[-0.722,46.302],[-0.697,46.325],[-0.648,46.317],[-0.603,46.361],[-0.576,46.357],[-0.538,46.386],[-0.61,46.414],[-0.621,46.39],[-0.637,46.396],[-0.637,46.432],[-0.612,46.459],[-0.625,46.496],[-0.645,46.509],[-0.602,46.533],[-0.625,46.577],[-0.614,46.62],[-0.657,46.635],[-0.638,46.663],[-0.681,46.687],[-0.656,46.701],[-0.727,46.768],[-0.701,46.809],[-0.709,46.821],[-0.782,46.843],[-0.832,46.885],[-0.807,46.92],[-0.884,46.95],[-0.877,46.969],[-0.892,46.976]]]},"properties":{"code":"79","nom":"Deux-Sèvres"}},{"type":"Feature","geometry":{"type":"Polygon","coordinates":[[[6.824,47.813],[6.846,47.823],[6.863,47.785],[7.016,47.743],[7.037,47.722],[7.026,47.701],[7.048,47.682],[7.039,47.651],[7.019,47.651],[7.006,47.602],[7.086,47.593],[7.106,47.551],[7.133,47.54],[7.138,47.511],[7.079,47.489],[7.024,47.504],[6.983,47.493],[6.999,47.452],[6.941,47.433],[6.908,47.473],[6.908,47.495],[6.949,47.486],[6.946,47.512],[6.883,47.555],[6.817,47.548],[6.807,47.563],[6.819,47.577],[6.778,47.616],[6.8,47.635],[6.776,47.669],[6.758,47.748],[6.824,47.813]]]},"properties":{"code":"90","nom":"Territoire de Belfort"}}]}